index,class,class_translate_ja,format_ja,group,group_gtranslate_ja,level1,level1_ja
0,"tench, Tinca tinca",テンチ、ティンカティンカ,,fish,魚,fish,魚
1,"goldfish, Carassius auratus",金魚、Carassius auratus,金魚,fish,魚,fish,魚
2,"great white shark, white shark, man-eater, man-eating shark, Carcharodon carcharias",グレートホワイトサメ、ホワイトサメ、マンエーター、人食いサメ、カルカロドンカルチャリアス,グレートホワイトサメ,fish,魚,fish,魚
3,"tiger shark, Galeocerdo cuvieri",タイガー・シャーク、ガレオーコ・クヴィエリ,イタチザメ,fish,魚,fish,魚
4,"hammerhead, hammerhead shark",ハンマーヘッド、ハンマーヘッドサメ,ハンマーヘッド,fish,魚,fish,魚
5,"electric ray, crampfish, numbfish, torpedo",電気光線、cr肉、麻痺、魚雷,シビレエイ,fish,魚,fish,魚
6,stingray,スティングレイ,アカエイ,fish,魚,fish,魚
7,cock,コック,鶏,bird,鳥,bird,鳥
8,hen,鶏,鶏,bird,鳥,bird,鳥
9,"ostrich, Struthio camelus",オストリッチ、ストルティオ・カメロス,ダチョウ,bird,鳥,bird,鳥
10,"brambling, Fringilla montifringilla",Brambling、Fringilla Montifringilla,,bird,鳥,bird,鳥
11,"goldfinch, Carduelis carduelis",Goldfinch、carduelis carduelis,,bird,鳥,bird,鳥
12,"house finch, linnet, Carpodacus mexicanus",ハウスフィンチ、リンネット、carpodacus mexicanus,,bird,鳥,bird,鳥
13,"junco, snowbird",Junco、Snowbird,,bird,鳥,bird,鳥
14,"indigo bunting, indigo finch, indigo bird, Passerina cyanea",Indigo Bunting、Indigo Finch、Indigo Bird、Passerina cyanea,,bird,鳥,bird,鳥
15,"robin, American robin, Turdus migratorius",ロビン、アメリカンロビン、Turdus Migratorius,ロビン,bird,鳥,bird,鳥
16,bulbul,ブルブル,,bird,鳥,bird,鳥
17,jay,ジェイ,,bird,鳥,bird,鳥
18,magpie,カササギ,カササギ,bird,鳥,bird,鳥
19,chickadee,チカディー,,bird,鳥,bird,鳥
20,"water ouzel, dipper",ウォーターウゼル、ディッパー,,bird,鳥,bird,鳥
21,kite,凧,トビ,bird,鳥,bird,鳥
22,"bald eagle, American eagle, Haliaeetus leucocephalus",ハゲイーグル、アメリカンイーグル、ハリエエトゥスロイコチェファルス,アメリカンイーグル,bird,鳥,bird,鳥
23,vulture,ハゲタカ,ハゲタカ,bird,鳥,bird,鳥
24,"great grey owl, great gray owl, Strix nebulosa",グレートグレーフクロウ、グレートグレーフクロウ、ストリックスネブロサ,,bird,鳥,bird,鳥
25,"European fire salamander, Salamandra salamandra",ヨーロッパの火災サンショウウオ、サラマンドラ・サラマンドラ,,reptile,爬虫類,reptile,爬虫類
26,"common newt, Triturus vulgaris",一般的なニュート、トリトゥルスvulgaris,,reptile,爬虫類,reptile,爬虫類
27,eft,EFT,イモリ,reptile,爬虫類,reptile,爬虫類
28,"spotted salamander, Ambystoma maculatum",斑点を付けられたサンショウウオ、Ambystoma maculatum,,reptile,爬虫類,reptile,爬虫類
29,"axolotl, mud puppy, Ambystoma mexicanum",Axolotl、Mud Puppy、Ambystoma Mexicanum,,reptile,爬虫類,reptile,爬虫類
30,"bullfrog, Rana catesbeiana",Bullfrog、Rana Catesbeiana,,reptile,爬虫類,reptile,爬虫類
31,"tree frog, tree-frog",ツリーカエル、ツリーフログ,,reptile,爬虫類,reptile,爬虫類
32,"tailed frog, bell toad, ribbed toad, tailed toad, Ascaphus trui",尾のカエル、ベルヒキガエル、rib骨のヒキガエル、尾のヒキガエ,,reptile,爬虫類,reptile,爬虫類
33,"loggerhead, loggerhead turtle, Caretta caretta",Loggerhead、Loggerhead Turtle、カレッタカレッタ,,reptile,爬虫類,reptile,爬虫類
34,"leatherback turtle, leatherback, leathery turtle, Dermochelys coriacea",レザーバックタートル、レザーバック、革のようなタートル、デルモチェリーズコリアケア,,reptile,爬虫類,reptile,爬虫類
35,mud turtle,泥タートル,,reptile,爬虫類,reptile,爬虫類
36,terrapin,テラピン,,reptile,爬虫類,reptile,爬虫類
37,"box turtle, box tortoise",ボックスタートル、ボックスカメ,,reptile,爬虫類,reptile,爬虫類
38,banded gecko,バンドジェッコ,,reptile,爬虫類,reptile,爬虫類
39,"common iguana, iguana, Iguana iguana",一般的なイグアナ、イグアナ、イグアナイグアナ,イグアナ,reptile,爬虫類,reptile,爬虫類
40,"American chameleon, anole, Anolis carolinensis",アメリカのカメレオン、アノール、アノリス・カロリネンシス,,reptile,爬虫類,reptile,爬虫類
41,"whiptail, whiptail lizard",ホイップテイル、ホイップテイルトカゲ,,reptile,爬虫類,reptile,爬虫類
42,agama,アガマ,,reptile,爬虫類,reptile,爬虫類
43,"frilled lizard, Chlamydosaurus kingi",フリルトカゲ、クラミドサウルスキング,,reptile,爬虫類,reptile,爬虫類
44,alligator lizard,ワニトカゲ,,reptile,爬虫類,reptile,爬虫類
45,"Gila monster, Heloderma suspectum",Gila Monster、Healoderma Sumpectum,,reptile,爬虫類,reptile,爬虫類
46,"green lizard, Lacerta viridis",グリーントカゲ、ラカルタビリディス,,reptile,爬虫類,reptile,爬虫類
47,"African chameleon, Chamaeleo chamaeleon",アフリカのカメレオン、Chamaeleo Chamaeleon,,reptile,爬虫類,reptile,爬虫類
48,"Komodo dragon, Komodo lizard, dragon lizard, giant lizard, Varanus komodoensis",コモド・ドラゴン、コモド・トカゲ、ドラゴン・トカゲ、巨大なトカゲ、ヴァラヌス・コモドエンシス,,reptile,爬虫類,reptile,爬虫類
49,"African crocodile, Nile crocodile, Crocodylus niloticus",アフリカのクロコダイル、ナイルクロコダイル、クロコディルスniloticus,,reptile,爬虫類,reptile,爬虫類
50,"American alligator, Alligator mississipiensis",アメリカのワニ、ワニのミシシピエンシス,,reptile,爬虫類,reptile,爬虫類
51,triceratops,Triceratops,,reptile,爬虫類,reptile,爬虫類
52,"thunder snake, worm snake, Carphophis amoenus",サンダーヘビ、ワームヘビ、カルフォフィスアモエナス,,reptile,爬虫類,reptile,爬虫類
53,"ringneck snake, ring-necked snake, ring snake",リングネックヘビ、リングネックヘビ、リングヘビ,,reptile,爬虫類,reptile,爬虫類
54,"hognose snake, puff adder, sand viper",ホグノースヘビ、パフ加算器、サンドバイパー,,reptile,爬虫類,reptile,爬虫類
55,"green snake, grass snake",緑のヘビ、草ヘビ,,reptile,爬虫類,reptile,爬虫類
56,"king snake, kingsnake",キングスネーク、キングスネーク,,reptile,爬虫類,reptile,爬虫類
57,"garter snake, grass snake",ガーターヘビ、草ヘビ,,reptile,爬虫類,reptile,爬虫類
58,water snake,水ヘビ,,reptile,爬虫類,reptile,爬虫類
59,vine snake,つるヘビ,,reptile,爬虫類,reptile,爬虫類
60,"night snake, Hypsiglena torquata",ナイトヘビ、ハプシグレナトルカタ,,reptile,爬虫類,reptile,爬虫類
61,"boa constrictor, Constrictor constrictor",BoA Constrictor、Constrictor Constrictor,,reptile,爬虫類,reptile,爬虫類
62,"rock python, rock snake, Python sebae",Rock Python、Rock Snake、Python Sebae,,reptile,爬虫類,reptile,爬虫類
63,"Indian cobra, Naja naja",インドのコブラ、ナジャ・ナジャ,,reptile,爬虫類,reptile,爬虫類
64,green mamba,グリーンマンバ,,reptile,爬虫類,reptile,爬虫類
65,sea snake,シーヘビ,,reptile,爬虫類,reptile,爬虫類
66,"horned viper, cerastes, sand viper, horned asp, Cerastes cornutus",角のあるヴァイパー、セラスト、サンドバイパー、角のあるasp、cerastes cornutus,,reptile,爬虫類,reptile,爬虫類
67,"diamondback, diamondback rattlesnake, Crotalus adamanteus",ダイヤモンドバック、ダイヤモンドバックガラガラヘビ、Crotalus adamanteus,,reptile,爬虫類,reptile,爬虫類
68,"sidewinder, horned rattlesnake, Crotalus cerastes",サイドワインダー、角のあるガラガラヘビ、Crotalus cerastes,,reptile,爬虫類,reptile,爬虫類
69,trilobite,三葉虫,,arthropod,節足動物,insect,虫
70,"harvestman, daddy longlegs, Phalangium opilio",Harvestman、Daddy Longlegs、Phalangium opilio,,arthropod,節足動物,insect,虫
71,scorpion,サソリ,サソリ,arthropod,節足動物,insect,虫
72,"black and gold garden spider, Argiope aurantia",ブラックガーデンとゴールドガーデンのクモ、アーガープオーランティア,,arthropod,節足動物,insect,虫
73,"barn spider, Araneus cavaticus",納屋のスパイダー、アラネウス・カヴァチャス,,arthropod,節足動物,insect,虫
74,"garden spider, Aranea diademata",ガーデンスパイダー、アラネアディアデマタ,,arthropod,節足動物,insect,虫
75,"black widow, Latrodectus mactans",ブラック・ウィドウ、ラトロデクトゥス・マクタン,,arthropod,節足動物,insect,虫
76,tarantula,タランチュラ,タランチュラ,arthropod,節足動物,insect,虫
77,"wolf spider, hunting spider",オオカミのクモ、ハンティングクモ,,arthropod,節足動物,insect,虫
78,tick,ティック,,arthropod,節足動物,insect,虫
79,centipede,ムカデ,ムカデ,arthropod,節足動物,insect,虫
80,black grouse,黒いライチョウ,,bird,鳥,bird,鳥
81,ptarmigan,雷鳥,雷鳥,bird,鳥,bird,鳥
82,"ruffed grouse, partridge, Bonasa umbellus",Ruffed Grouse、Partridge、Bonasa Umbellus,,bird,鳥,bird,鳥
83,"prairie chicken, prairie grouse, prairie fowl",プレーリーチキン、プレーリーライチョウ、プレーリーファウル,,bird,鳥,bird,鳥
84,peacock,孔雀,孔雀,bird,鳥,bird,鳥
85,quail,ウズラ,ウズラ,bird,鳥,bird,鳥
86,partridge,ヤマウズラ,,bird,鳥,bird,鳥
87,"African grey, African gray, Psittacus erithacus",アフリカングレー、アフリカングレー、erithacus,,bird,鳥,bird,鳥
88,macaw,コンコー,,bird,鳥,bird,鳥
89,"sulphur-crested cockatoo, Kakatoe galerita, Cacatua galerita",硫黄が押し付けられたオウム、カカトー・ガレリタ、カカトゥア・ガレリタ,,bird,鳥,bird,鳥
90,lorikeet,lorikeet,,bird,鳥,bird,鳥
91,coucal,coucal,,bird,鳥,bird,鳥
92,bee eater,蜂を食べる人,,bird,鳥,bird,鳥
93,hornbill,ホーンビル,,bird,鳥,bird,鳥
94,hummingbird,ハチドリ,ハチドリ,bird,鳥,bird,鳥
95,jacamar,ジャカマー,,bird,鳥,bird,鳥
96,toucan,トゥカン,,bird,鳥,bird,鳥
97,drake,ドレイク,,bird,鳥,bird,鳥
98,"red-breasted merganser, Mergus serrator",赤breasted merganser、メルガスセレーター,,bird,鳥,bird,鳥
99,goose,ガチョウ,ガチョウ,bird,鳥,bird,鳥
100,"black swan, Cygnus atratus",ブラックスワン、Cygnus atratus,,bird,鳥,bird,鳥
101,tusker,タスカー,,,#VALUE!,,#VALUE!
102,"echidna, spiny anteater, anteater",Echidna、Spiny Anteater、Anteater,,,#VALUE!,,#VALUE!
103,"platypus, duckbill, duckbilled platypus, duck-billed platypus, Ornithorhynchus anatinus",カモシカ、アヒル、アヒルのカモシカ、アヒル請求カラマス、ornithorhynchus anatinus,カモシカ,,#VALUE!,,#VALUE!
104,"wallaby, brush kangaroo",ワラビー、ブラシカンガルー,ワラビー,,#VALUE!,,#VALUE!
105,"koala, koala bear, kangaroo bear, native bear, Phascolarctos cinereus",コアラ、コアラベア、カンガルーベア、ネイティブベア、ファスコラトスシネレウス,コアラ,,#VALUE!,,#VALUE!
106,wombat,ウォンバット,ウォンバット,,#VALUE!,,#VALUE!
107,jelly fish,クラゲ,クラゲ,,#VALUE!,,#VALUE!
108,"sea anemone, anemone",シーアネモネ、アネモネ,,,#VALUE!,,#VALUE!
109,brain coral,脳のサンゴ,,,#VALUE!,,#VALUE!
110,"flatworm, platyhelminth",平らな虫、Platyhelminth,,,#VALUE!,,#VALUE!
111,"nematode, nematode worm, roundworm",線虫、線虫ワーム、回虫,,,#VALUE!,,#VALUE!
112,conch,巻き貝,巻き貝,,#VALUE!,,#VALUE!
113,snail,カタツムリ,カタツムリ,,#VALUE!,,#VALUE!
114,slug,ナメクジ,ナメクジ,,#VALUE!,,#VALUE!
115,"sea slug, nudibranch",海のナメクジ、ヌディブラン,,,#VALUE!,,#VALUE!
116,"chiton, coat-of-mail shell, sea cradle, polyplacophore",チトン、コートオブメールシェル、シークレードル、ポリプラコフォア,,,#VALUE!,,#VALUE!
117,"chambered nautilus, pearly nautilus, nautilus",Chambered Nautilus、Peally Nautilus、Nautilus,,,#VALUE!,,#VALUE!
118,"Dungeness crab, Cancer magister",ダンジネスクラブ、がんマジスター,,,#VALUE!,,#VALUE!
119,"rock crab, Cancer irroratus",岩石、がんの障害,,,#VALUE!,,#VALUE!
120,fiddler crab,フィドラークラブ,,,#VALUE!,,#VALUE!
121,"king crab, Alaska crab, Alaskan king crab, Alaska king crab, Paralithodes camtschatica",キングクラブ、アラスカカニ、アラスカ王カニ、アラスカキングカニ、パラリトデスカムツチャティカ,,,#VALUE!,,#VALUE!
122,"American lobster, Northern lobster, Maine lobster, Homarus americanus",アメリカンロブスター、ノーザンロブスター、メインロブスター、ホーマルスamericus,,,#VALUE!,,#VALUE!
123,"spiny lobster, langouste, rock lobster, crawfish, crayfish, sea crawfish",とげのあるロブスター、ラングーテ、ロックロブスター、ザリガニ、ザリガニ、ザリガニ,,,#VALUE!,,#VALUE!
124,"crayfish, crawfish, crawdad, crawdaddy",ザリガニ、ザリガニ、クローダッド、クローダディ,,,#VALUE!,,#VALUE!
125,hermit crab,ヤドカリ,,,#VALUE!,,#VALUE!
126,isopod,ISOPOD,,,#VALUE!,,#VALUE!
127,"white stork, Ciconia ciconia",ホワイトコウノトリ、シコニアシコニア,,,#VALUE!,,#VALUE!
128,"black stork, Ciconia nigra",黒のコウノトリ、シコニア・ニグラ,,,#VALUE!,,#VALUE!
129,spoonbill,スプーンビル,,,#VALUE!,,#VALUE!
130,flamingo,フラミンゴ,,,#VALUE!,,#VALUE!
131,"little blue heron, Egretta caerulea",リトルブルーヘロン、Egretta Caerulea,,,#VALUE!,,#VALUE!
132,"American egret, great white heron, Egretta albus",アメリカのユグレット、グレートホワイトヘロン、エグレッタアルバス,,,#VALUE!,,#VALUE!
133,bittern,バタン,,,#VALUE!,,#VALUE!
134,crane,クレーン,,,#VALUE!,,#VALUE!
135,"limpkin, Aramus pictus",リンプキン、アラムス・ピクトス,,,#VALUE!,,#VALUE!
136,"European gallinule, Porphyrio porphyrio",ヨーロッパのガリヌール、ポルフィリオポルフィリオ,,,#VALUE!,,#VALUE!
137,"American coot, marsh hen, mud hen, water hen, Fulica americana",アメリカンクート、マーシュヘン、マッドヘン、ウォーターヘン、フリカアメリカーナ,,,#VALUE!,,#VALUE!
138,bustard,バスタード,,,#VALUE!,,#VALUE!
139,"ruddy turnstone, Arenaria interpres",Ruddy Turnstone、Arenaria Interpres,,,#VALUE!,,#VALUE!
140,"red-backed sandpiper, dunlin, Erolia alpina",レッドバッキングされたサンドパイパー、ダンリン、エロリアアルピナ,,,#VALUE!,,#VALUE!
141,"redshank, Tringa totanus",Redshank、Tringa Totanus,,,#VALUE!,,#VALUE!
142,dowitcher,ダウチャー,,,#VALUE!,,#VALUE!
143,"oystercatcher, oyster catcher",OysterCatcher、Oyster Catcher,,,#VALUE!,,#VALUE!
144,pelican,ペリカン,,,#VALUE!,,#VALUE!
145,"king penguin, Aptenodytes patagonica",ペンギン王、パタゴニカaptenodytes,,,#VALUE!,,#VALUE!
146,"albatross, mollymawk",アルバトロス、モリモーク,,,#VALUE!,,#VALUE!
147,"grey whale, gray whale, devilfish, Eschrichtius gibbosus, Eschrichtius robustus",灰色のクジラ、灰色のクジラ、デビルフィッシュ、エシュリヒティウス・ギブボサス、エシュリヒティウス・ロブストゥス,,,#VALUE!,,#VALUE!
148,"killer whale, killer, orca, grampus, sea wolf, Orcinus orca",キラークジラ、キラー、オルカ、グランプス、シーウルフ、オルシナスオルカ,,,#VALUE!,,#VALUE!
149,"dugong, Dugong dugon",Dugong、Dugong Dugon,,,#VALUE!,,#VALUE!
150,sea lion,アシカ,,,#VALUE!,,#VALUE!
151,Chihuahua,チワワ,チワワ,dog,犬,dog,犬
152,Japanese spaniel,狆,狆（ちん）,dog,犬,dog,犬
153,"Maltese dog, Maltese terrier, Maltese",マルタ犬、マルタテリア、マルタ人,マルチーズ,dog,犬,dog,犬
154,"Pekinese, Pekingese, Peke",ペキネーゼ、ペキキーズ、ペク,ペキニーズ,dog,犬,dog,犬
155,Shih-Tzu,シー・ツー,シーズー,dog,犬,dog,犬
156,Blenheim spaniel,ブレナム・スパニエル,,dog,犬,dog,犬
157,papillon,パピヨン,パピヨン,dog,犬,dog,犬
158,toy terrier,おもちゃテリア,,dog,犬,dog,犬
159,Rhodesian ridgeback,ローデシアンリッジバック,,dog,犬,dog,犬
160,"Afghan hound, Afghan",アフガンハウンド、アフガン,,dog,犬,dog,犬
161,"basset, basset hound",バセット、バセットハウンド,,dog,犬,dog,犬
162,beagle,ビーグル,ビーグル,dog,犬,dog,犬
163,"bloodhound, sleuthhound",ブラッドハウンド、スルーハウンド,,dog,犬,dog,犬
164,bluetick,ブルーティック,,dog,犬,dog,犬
165,black-and-tan coonhound,黒とタンのクーンハウンド,,dog,犬,dog,犬
166,"Walker hound, Walker foxhound",ウォーカーハウンド、ウォーカーフォックスハウンド,,dog,犬,dog,犬
167,English foxhound,英語のフォックスハウンド,,dog,犬,dog,犬
168,redbone,レッドボーン,,dog,犬,dog,犬
169,"borzoi, Russian wolfhound",ボルゾイ、ロシアのウルフハウンド,,dog,犬,dog,犬
170,Irish wolfhound,アイリッシュウルフハウンド,,dog,犬,dog,犬
171,Italian greyhound,イタリアのグレイハウンド,,dog,犬,dog,犬
172,whippet,ホイペット,,dog,犬,dog,犬
173,"Ibizan hound, Ibizan Podenco",イビザン・ハウンド、イビザン・ポデンコ,,dog,犬,dog,犬
174,"Norwegian elkhound, elkhound",ノルウェーのエルクハウンド、エルクハウンド,,dog,犬,dog,犬
175,"otterhound, otter hound",オッテルハウンド、オッターハウンド,,dog,犬,dog,犬
176,"Saluki, gazelle hound",サルキ、ガゼルハウンド,,dog,犬,dog,犬
177,"Scottish deerhound, deerhound",スコットランドディアハウンド、ディアハウンド,,dog,犬,dog,犬
178,Weimaraner,ワイマラナー,,dog,犬,dog,犬
179,"Staffordshire bullterrier, Staffordshire bull terrier",スタッフォードシャーブルテリア、スタッフォードシャーブルテリア,,dog,犬,dog,犬
180,"American Staffordshire terrier, Staffordshire terrier, American pit bull terrier, pit bull terrier",アメリカンスタッフォードシャーテリア、スタッフォードシャーテリア、アメリカンピットブルテリア、ピットブルテリア,,dog,犬,dog,犬
181,Bedlington terrier,ベッドリントンテリア,,dog,犬,dog,犬
182,Border terrier,ボーダーテリア,,dog,犬,dog,犬
183,Kerry blue terrier,ケリーブルーテリア,,dog,犬,dog,犬
184,Irish terrier,アイルランドのテリア,,dog,犬,dog,犬
185,Norfolk terrier,ノーフォークテリア,,dog,犬,dog,犬
186,Norwich terrier,ノリッジテリア,,dog,犬,dog,犬
187,Yorkshire terrier,ヨークシャーテリア,,dog,犬,dog,犬
188,wire-haired fox terrier,ワイヤーヘアのフォックステリア,,dog,犬,dog,犬
189,Lakeland terrier,レイクランドテリア,,dog,犬,dog,犬
190,"Sealyham terrier, Sealyham",シーリーハムテリア、シーリーハム,,dog,犬,dog,犬
191,"Airedale, Airedale terrier",エアデール、エアデールテリア,,dog,犬,dog,犬
192,"cairn, cairn terrier",ケアン、ケアンテリア,,dog,犬,dog,犬
193,Australian terrier,オーストラリアのテリア,,dog,犬,dog,犬
194,"Dandie Dinmont, Dandie Dinmont terrier",ダンディ・ディンモント、ダンディ・ディンモント・テリア,,dog,犬,dog,犬
195,"Boston bull, Boston terrier",ボストンブル、ボストンテリア,,dog,犬,dog,犬
196,miniature schnauzer,ミニチュアシュナウザー,,dog,犬,dog,犬
197,giant schnauzer,巨大シュナウザー,,dog,犬,dog,犬
198,standard schnauzer,標準シュナウザー,,dog,犬,dog,犬
199,"Scotch terrier, Scottish terrier, Scottie",スコッチテリア、スコットランドテリア、スコッティ,,dog,犬,dog,犬
200,"Tibetan terrier, chrysanthemum dog",チベット・テリア、菊犬,,dog,犬,dog,犬
201,"silky terrier, Sydney silky",シルキーテリア、シドニーシルキー,,dog,犬,dog,犬
202,soft-coated wheaten terrier,ソフトコーティングされたウィートテリア,,dog,犬,dog,犬
203,West Highland white terrier,ウェストハイランドホワイトテリア,,dog,犬,dog,犬
204,"Lhasa, Lhasa apso",Lhasa、Lhasa Apso,,dog,犬,dog,犬
205,flat-coated retriever,フラットコーティングレトリバー,,dog,犬,dog,犬
206,curly-coated retriever,カーリーコーティングレトリバー,,dog,犬,dog,犬
207,golden retriever,ゴールデンレトリバー,,dog,犬,dog,犬
208,Labrador retriever,ラブラドール・レトリバー,,dog,犬,dog,犬
209,Chesapeake Bay retriever,チェサピークベイレトリバー,,dog,犬,dog,犬
210,German short-haired pointer,ドイツの短毛のポインター,,dog,犬,dog,犬
211,"vizsla, Hungarian pointer",ヴィズラ、ハンガリーのポインター,,dog,犬,dog,犬
212,English setter,英語のセッター,,dog,犬,dog,犬
213,"Irish setter, red setter",アイリッシュセッター、レッドセッター,,dog,犬,dog,犬
214,Gordon setter,ゴードンセッター,,dog,犬,dog,犬
215,Brittany spaniel,ブリタニー・スパニエル,,dog,犬,dog,犬
216,"clumber, clumber spaniel",クランバー、クランバースパニエル,,dog,犬,dog,犬
217,"English springer, English springer spaniel",イングリッシュスプリンガー、イングリッシュスプリンガースパニエル,,dog,犬,dog,犬
218,Welsh springer spaniel,ウェールズ・スプリンガー・スパニエル,,dog,犬,dog,犬
219,"cocker spaniel, English cocker spaniel, cocker",コッカースパニエル、イングリッシュコッカースパニエル、コッカー,,dog,犬,dog,犬
220,Sussex spaniel,サセックス・スパニエル,,dog,犬,dog,犬
221,Irish water spaniel,アイリッシュウォータースパニエル,,dog,犬,dog,犬
222,kuvasz,クヴァス,,dog,犬,dog,犬
223,schipperke,シッパーケ,,dog,犬,dog,犬
224,groenendael,グロネンダーエル,,dog,犬,dog,犬
225,malinois,マリノア,,dog,犬,dog,犬
226,briard,ブリリアード,,dog,犬,dog,犬
227,kelpie,ケルピー,,dog,犬,dog,犬
228,komondor,Komondor,,dog,犬,dog,犬
229,"Old English sheepdog, bobtail",古い英語のシープドッグ、ボブテイル,,dog,犬,dog,犬
230,"Shetland sheepdog, Shetland sheep dog, Shetland",シェットランドシープドッグ、シェトランドシープドッグ、シェットランド,,dog,犬,dog,犬
231,collie,コリー,,dog,犬,dog,犬
232,Border collie,ボーダーコリー,,dog,犬,dog,犬
233,"Bouvier des Flandres, Bouviers des Flandres",ブーヴィエ・デ・フランダレス、ブーヴィエ・デ・フランドル,,dog,犬,dog,犬
234,Rottweiler,ロットワイラー,,dog,犬,dog,犬
235,"German shepherd, German shepherd dog, German police dog, alsatian",ドイツの羊飼い、ドイツの羊飼い犬、ドイツの警察犬、アルザシア語,,dog,犬,dog,犬
236,"Doberman, Doberman pinscher",ドーバーマン、ドーバーマンピンシャー,,dog,犬,dog,犬
237,miniature pinscher,ミニチュアピンシェル,,dog,犬,dog,犬
238,Greater Swiss Mountain dog,グレータースイスマウンテンドッグ,,dog,犬,dog,犬
239,Bernese mountain dog,ベルネーゼマウンテンドッグ,,dog,犬,dog,犬
240,Appenzeller,アッペンツェラー,,dog,犬,dog,犬
241,EntleBucher,エントレブチャー,,dog,犬,dog,犬
242,boxer,ボクサー,,dog,犬,dog,犬
243,bull mastiff,雄牛のマスティフ,,dog,犬,dog,犬
244,Tibetan mastiff,チベタン・マスティフ,,dog,犬,dog,犬
245,French bulldog,フレンチ・ブルドッグ,,dog,犬,dog,犬
246,Great Dane,グレートデーン,,dog,犬,dog,犬
247,"Saint Bernard, St Bernard",セントバーナード、セントバーナード,,dog,犬,dog,犬
248,"Eskimo dog, husky",エスキモ犬、ハスキー,,dog,犬,dog,犬
249,"malamute, malemute, Alaskan malamute",Malamute、Malemute、Alaskan Malamute,,dog,犬,dog,犬
250,Siberian husky,シベリアンハスキー,,dog,犬,dog,犬
251,"dalmatian, coach dog, carriage dog",ダルメシアン、コーチ犬、馬車犬,,dog,犬,dog,犬
252,"affenpinscher, monkey pinscher, monkey dog",Affenpinscher、Monkey Pinscher、Monkey Dog,,dog,犬,dog,犬
253,basenji,ゼンジ,,dog,犬,dog,犬
254,"pug, pug-dog",パグ、パグ犬,,dog,犬,dog,犬
255,Leonberg,レオンバーグ,,dog,犬,dog,犬
256,"Newfoundland, Newfoundland dog",ニューファンドランド、ニューファンドランド犬,,dog,犬,dog,犬
257,Great Pyrenees,偉大なピレネー,,dog,犬,dog,犬
258,"Samoyed, Samoyede",サモエド、サモエデ,,dog,犬,dog,犬
259,Pomeranian,ポメラニアン,,dog,犬,dog,犬
260,"chow, chow chow",チャウ、チョウチョウ,,dog,犬,dog,犬
261,keeshond,キーションド,,dog,犬,dog,犬
262,Brabancon griffon,ブラバンコングリフォン,,dog,犬,dog,犬
263,"Pembroke, Pembroke Welsh corgi",ペンブローク、ペンブロークウェールズコーギ,,dog,犬,dog,犬
264,"Cardigan, Cardigan Welsh corgi",カーディガン、カーディガンウェールズコーギー,,dog,犬,dog,犬
265,toy poodle,トイプードル,,dog,犬,dog,犬
266,miniature poodle,ミニチュアプードル,,dog,犬,dog,犬
267,standard poodle,標準のプードル,,dog,犬,dog,犬
268,Mexican hairless,メキシコの毛,,dog,犬,dog,犬
269,"timber wolf, grey wolf, gray wolf, Canis lupus",ティンバーウルフ、グレーウルフ、グレーウルフ、カニスループス,,wolf,狼,wolf,狼
270,"white wolf, Arctic wolf, Canis lupus tundrarum",ホワイトウルフ、北極ウルフ、カニスループストンドララム,,wolf,狼,wolf,狼
271,"red wolf, maned wolf, Canis rufus, Canis niger",レッドウルフ、マンスウルフ、カニスルファス、カニスニジェール,,wolf,狼,wolf,狼
272,"coyote, prairie wolf, brush wolf, Canis latrans",コヨーテ、プレーリーウルフ、ブラシウルフ、カニスラトラン,,,#VALUE!,,#VALUE!
273,"dingo, warrigal, warragal, Canis dingo",ディンゴ、ワリガル、ワラガル、カニスディンゴ,,,#VALUE!,,#VALUE!
274,"dhole, Cuon alpinus",Dhole、Cuon Alpinus,,,#VALUE!,,#VALUE!
275,"African hunting dog, hyena dog, Cape hunting dog, Lycaon pictus",アフリカの狩猟犬、ハイエナ犬、ケープハンティング犬、リカオン・ピクトス,,,#VALUE!,,#VALUE!
276,"hyena, hyaena",ハイエナ、ハイエナ,,,#VALUE!,,#VALUE!
277,"red fox, Vulpes vulpes",レッドフォックス、バルペスバルペス,,fox,狐,fox,狐
278,"kit fox, Vulpes macrotis",キットフォックス、Vulpes Macrotis,,,#VALUE!,,#VALUE!
279,"Arctic fox, white fox, Alopex lagopus",北極キツネ、ホワイトフォックス、アロペックスラゴプス,,,#VALUE!,,#VALUE!
280,"grey fox, gray fox, Urocyon cinereoargenteus",グレーフォックス、グレイフォックス、ウロシオンシネレオアレントゥウス,,,#VALUE!,,#VALUE!
281,"tabby, tabby cat",タビー、タビー猫,,cat,猫,cat,猫
282,tiger cat,タイガー猫,,cat,猫,cat,猫
283,Persian cat,ペルシャ猫,,cat,猫,cat,猫
284,"Siamese cat, Siamese",シャム猫、シャム,,cat,猫,cat,猫
285,Egyptian cat,エジプト猫,,cat,猫,cat,猫
286,"cougar, puma, catamount, mountain lion, painter, panther, Felis concolor",クーガー、プーマ、カタマウント、マウンテンライオン、画家、パンサー、フェリスコンコラー,,,#VALUE!,,#VALUE!
287,"lynx, catamount",Lynx、Catamount,,,#VALUE!,,#VALUE!
288,"leopard, Panthera pardus",ヒョウ、パンテラ・パルダス,,,#VALUE!,,#VALUE!
289,"snow leopard, ounce, Panthera uncia",Snow Leopard、Ounce、Panthera uncia,,,#VALUE!,,#VALUE!
290,"jaguar, panther, Panthera onca, Felis onca",Jaguar、Panther、Panthera Onca、Felis Onca,,,#VALUE!,,#VALUE!
291,"lion, king of beasts, Panthera leo",ビーストの王、ライオン、パンテーラ・レオ,,,#VALUE!,,#VALUE!
292,"tiger, Panthera tigris",タイガー、パンセラ・ティグリス,,,#VALUE!,,#VALUE!
293,"cheetah, chetah, Acinonyx jubatus",チーター、チェタ、acinonyx jubatus,,,#VALUE!,,#VALUE!
294,"brown bear, bruin, Ursus arctos",ヒグマ、ブルーイン、ウルサス・アークトス,,,#VALUE!,,#VALUE!
295,"American black bear, black bear, Ursus americanus, Euarctos americanus",アメリカンツルジー、ブラックベア、ウルサスamericanus、euarctos americanus,,,#VALUE!,,#VALUE!
296,"ice bear, polar bear, Ursus Maritimus, Thalarctos maritimus",アイスベア、ホッキョクグマ、ウルサス・マリチマス、サラルクトス・マリチムス,,,#VALUE!,,#VALUE!
297,"sloth bear, Melursus ursinus, Ursus ursinus",ナマケモノ、メルルスウルシヌス、ウルススウルシ​​ヌス,,,#VALUE!,,#VALUE!
298,mongoose,マングース,,,#VALUE!,,#VALUE!
299,"meerkat, mierkat",Meerkat、Mierkat,,,#VALUE!,,#VALUE!
300,tiger beetle,タイガービートル,,beetle,甲虫,insect,虫
301,"ladybug, ladybeetle, lady beetle, ladybird, ladybird beetle",テンディバッグ、レディビートル、レディービートル、テントウムシ、テントウムシカブトムシ,,beetle,甲虫,insect,虫
302,"ground beetle, carabid beetle",挽いたカブトムシ、カラビッドビートル,オサムシ,beetle,甲虫,insect,虫
303,"long-horned beetle, longicorn, longicorn beetle",長い穴のあるカブトムシ、縦車穴、ロンギコーンビートル,,beetle,甲虫,insect,虫
304,"leaf beetle, chrysomelid",葉の甲虫、クリソメリド,,beetle,甲虫,insect,虫
305,dung beetle,糞の甲虫,,beetle,甲虫,insect,虫
306,rhinoceros beetle,サイカブトムシ,,beetle,甲虫,insect,虫
307,weevil,ゾウムシ,,beetle,甲虫,insect,虫
308,fly,飛ぶ,,insect,虫,insect,虫
309,bee,蜂,,insect,虫,insect,虫
310,"ant, emmet, pismire",アリ、エメット、ピスマイア,,insect,虫,insect,虫
311,"grasshopper, hopper",グラスホッパー、ホッパー,,insect,虫,insect,虫
312,cricket,クリケット,,insect,虫,insect,虫
313,"walking stick, walkingstick, stick insect",ウォーキングスティック、ウォーキングスティック、スティック昆虫,,insect,虫,insect,虫
314,"cockroach, roach",ゴキブリ、ゴキブリ,,insect,虫,insect,虫
315,"mantis, mantid",マンティス、マンティッド,,insect,虫,insect,虫
316,"cicada, cicala",CICADA、CICALA,,insect,虫,insect,虫
317,leafhopper,葉ハッパー,,insect,虫,insect,虫
318,"lacewing, lacewing fly",Lacewing、Lacewing Fly,,insect,虫,insect,虫
319,"dragonfly, darning needle, devil\'s darning needle, sewing needle, snake feeder, snake doctor, mosquito hawk, skeeter hawk",ドラゴンフライ、ダーニングニードル、悪魔のダーニングニードル、縫製針、ヘビフィーダー、ヘビドクター、モスキートホーク、スキーターホーク,,insect,虫,insect,虫
320,damselfly,ダムセルリー,,insect,虫,insect,虫
321,admiral,提督,,insect,虫,insect,虫
322,"ringlet, ringlet butterfly",リングレット、リングレットバタフライ,,butterfly,蝶,insect,虫
323,"monarch, monarch butterfly, milkweed butterfly, Danaus plexippus",モナーク、モナークバタフライ、トウワタ蝶、ダナウスプレキシッパス,,butterfly,蝶,insect,虫
324,cabbage butterfly,キャベツバタフライ,,butterfly,蝶,insect,虫
325,"sulphur butterfly, sulfur butterfly",硫黄蝶、硫黄蝶,,butterfly,蝶,insect,虫
326,"lycaenid, lycaenid butterfly",Lycaenid、Lycaenid Butterfly,,,#VALUE!,,#VALUE!
327,"starfish, sea star",ヒトデ、シースター,,,#VALUE!,,#VALUE!
328,sea urchin,うに,,,#VALUE!,,#VALUE!
329,"sea cucumber, holothurian",シーキュウリ、ホロスリアン,,,#VALUE!,,#VALUE!
330,"wood rabbit, cottontail, cottontail rabbit",ウッドウサギ、コトンテール、コトンテイルラビット,,,#VALUE!,,#VALUE!
331,hare,野ウサギ,,,#VALUE!,,#VALUE!
332,"Angora, Angora rabbit",アンゴラ、アンゴラ・ラビット,,,#VALUE!,,#VALUE!
333,hamster,ハムスター,,,#VALUE!,,#VALUE!
334,"porcupine, hedgehog",ヤマアラシ、ハリネズミ,,,#VALUE!,,#VALUE!
335,"fox squirrel, eastern fox squirrel, Sciurus niger",フォックスリス、イースタンフォックスリス、シウルスニジェール,,,#VALUE!,,#VALUE!
336,marmot,マーモット,,,#VALUE!,,#VALUE!
337,beaver,ビーバー,,,#VALUE!,,#VALUE!
338,"guinea pig, Cavia cobaya",モルモット、カビア・コバヤ,,,#VALUE!,,#VALUE!
339,sorrel,栗色,,,#VALUE!,,#VALUE!
340,zebra,シマウマ,,,#VALUE!,,#VALUE!
341,"hog, pig, grunter, squealer, Sus scrofa",豚、豚、グンター、鳴き声、sus scrofa,,,#VALUE!,,#VALUE!
342,"wild boar, boar, Sus scrofa",イノシシ、イノシシ、sus scrofa,,,#VALUE!,,#VALUE!
343,warthog,ワルトグ,,,#VALUE!,,#VALUE!
344,"hippopotamus, hippo, river horse, Hippopotamus amphibius",Hippopotamus、Hippo、River Horse、Hippopotamus Amphibius,,,#VALUE!,,#VALUE!
345,ox,牛,,,#VALUE!,,#VALUE!
346,"water buffalo, water ox, Asiatic buffalo, Bubalus bubalis",ウォーターバッファロー、ウォーターオックス、アジアのバッファロー、ブバラスブバリス,,,#VALUE!,,#VALUE!
347,bison,バイソン,,,#VALUE!,,#VALUE!
348,"ram, tup",ラム、タップ,,,#VALUE!,,#VALUE!
349,"bighorn, bighorn sheep, cimarron, Rocky Mountain bighorn, Rocky Mountain sheep, Ovis canadensis",Bighorn、Bighorn Sheep、Cimarron、Rocky Mountain Bighorn、Rocky Mountain Sheep、Ovis Canadensis,,,#VALUE!,,#VALUE!
350,"ibex, Capra ibex",Ibex、Capra Ibex,,,#VALUE!,,#VALUE!
351,hartebeest,ハーテベスト,,,#VALUE!,,#VALUE!
352,"impala, Aepyceros melampus",Impala、Aepyceros Melampus,,,#VALUE!,,#VALUE!
353,gazelle,ガゼル,,,#VALUE!,,#VALUE!
354,"Arabian camel, dromedary, Camelus dromedarius",アラビアのラクダ、ドロメダリー、カメロス・ドロメダリウス,,,#VALUE!,,#VALUE!
355,llama,ラマ,,,#VALUE!,,#VALUE!
356,weasel,イタチ,,,#VALUE!,,#VALUE!
357,mink,ミンク,,,#VALUE!,,#VALUE!
358,"polecat, fitch, foulmart, foumart, Mustela putorius",Polecat、Fitch、Foulmart、Foumart、Mustela Putorius,,,#VALUE!,,#VALUE!
359,"black-footed ferret, ferret, Mustela nigripes",黒い足のフェレット、フェレット、マステラ・ニグリペス,,,#VALUE!,,#VALUE!
360,otter,カワウソ,,,#VALUE!,,#VALUE!
361,"skunk, polecat, wood pussy",スカンク、ポールキャット、ウッド猫,,,#VALUE!,,#VALUE!
362,badger,狸,,,#VALUE!,,#VALUE!
363,armadillo,アルマジロ,,,#VALUE!,,#VALUE!
364,"three-toed sloth, ai, Bradypus tridactylus",3つのつま先のナマケモノ、AI、Bradypus tridactylus,,,#VALUE!,,#VALUE!
365,"orangutan, orang, orangutang, Pongo pygmaeus",オランウータン、オラン、オラングタン、ポンゴ・ピグマエウス,,,#VALUE!,,#VALUE!
366,"gorilla, Gorilla gorilla",ゴリラ、ゴリラゴリラ,,,#VALUE!,,#VALUE!
367,"chimpanzee, chimp, Pan troglodytes",チンパンジー、チンパンジー、パントログロイジテス,,,#VALUE!,,#VALUE!
368,"gibbon, Hylobates lar",ギボン、ヒロビアスlar,,,#VALUE!,,#VALUE!
369,"siamang, Hylobates syndactylus, Symphalangus syndactylus",Siamang、Hylobates Syndactylus、Symphalangus Syndactylus,,,#VALUE!,,#VALUE!
370,"guenon, guenon monkey",ゲノン、ゲノンモンキー,,,#VALUE!,,#VALUE!
371,"patas, hussar monkey, Erythrocebus patas",パタス、ハッサルモンキー、エリスロチェバスパタス,,,#VALUE!,,#VALUE!
372,baboon,ヒヒ,,,#VALUE!,,#VALUE!
373,macaque,マカク,,,#VALUE!,,#VALUE!
374,langur,ラングール,,,#VALUE!,,#VALUE!
375,"colobus, colobus monkey",コロブス、コロブスモンキー,,,#VALUE!,,#VALUE!
376,"proboscis monkey, Nasalis larvatus",猿猿、nasalis larvatus,,,#VALUE!,,#VALUE!
377,marmoset,マーモセット,,,#VALUE!,,#VALUE!
378,"capuchin, ringtail, Cebus capucinus",Capuchin、Ringtail、Cebus capucinus,,,#VALUE!,,#VALUE!
379,"howler monkey, howler",ハウラーモンキー、ハウラー,,,#VALUE!,,#VALUE!
380,"titi, titi monkey",ティティ、ティティモンキー,,,#VALUE!,,#VALUE!
381,"spider monkey, Ateles geoffroyi",Spider Monkey、Ateles geoffroyi,,,#VALUE!,,#VALUE!
382,"squirrel monkey, Saimiri sciureus",リスモンキー、サイミリサイウレウス,,,#VALUE!,,#VALUE!
383,"Madagascar cat, ring-tailed lemur, Lemur catta",マダガスカル猫、リングテールレムール、レムールカッタ,,,#VALUE!,,#VALUE!
384,"indri, indris, Indri indri, Indri brevicaudatus",Indri、Indris、Indri Indri、Indri Brevicaudatus,,,#VALUE!,,#VALUE!
385,"Indian elephant, Elephas maximus",インドの象、エレファス・マクシムス,,elephant,象,elephant,象
386,"African elephant, Loxodonta africana",アフリカ象、ロクソドンタアフリカナ,,elephant,象,elephant,象
387,"lesser panda, red panda, panda, bear cat, cat bear, Ailurus fulgens",レッサーパンダ、レッドパンダ、パンダ、クマ猫、猫のクマ、アイルルスフルゲンズ,,,#VALUE!,,#VALUE!
388,"giant panda, panda, panda bear, coon bear, Ailuropoda melanoleuca",ジャイアントパンダ、パンダ、パンダベア、クーンベア、アイルロポダメラノロウカ,,panda,パンダ,panda,パンダ
389,"barracouta, snoek",バラクータ、スヌーク,,,#VALUE!,,#VALUE!
390,eel,うなぎ,,fish,魚,fish,魚
391,"coho, cohoe, coho salmon, blue jack, silver salmon, Oncorhynchus kisutch",Coho、Cohoe、Coho Salmon、Blue Jack、Silver Salmon、Oncorhynchus Kisutch,,fish,魚,fish,魚
392,"rock beauty, Holocanthus tricolor",ロックビューティー、ホロカンサストリコラー,,fish,魚,fish,魚
393,anemone fish,アネモネ魚,,fish,魚,fish,魚
394,sturgeon,チョウザン,,fish,魚,fish,魚
395,"gar, garfish, garpike, billfish, Lepisosteus osseus",Gar、Garfish、Garpike、Billfish、Lepisosteus osseus,,fish,魚,fish,魚
396,lionfish,ウリオンフィッシュ,,fish,魚,fish,魚
397,"puffer, pufferfish, blowfish, globefish",パフ、フック、ブローフィッシュ、グローブフィッシュ,,fish,魚,fish,魚
398,abacus,そろばん,,,#VALUE!,,#VALUE!
399,abaya,アバヤ,,,#VALUE!,,#VALUE!
400,"academic gown, academic robe, judge\'s robe",アカデミックガウン、アカデミックローブ、裁判官のローブ,,,#VALUE!,clothing,衣類
401,"accordion, piano accordion, squeeze box",アコーディオン、ピアノアコーディオン、スクイーズボックス,,,#VALUE!,musical instrument,楽器
402,acoustic guitar,アコースティックギター,,,#VALUE!,musical instrument,楽器
403,"aircraft carrier, carrier, flattop, attack aircraft carrier",航空機キャリア、キャリア、フラットトップ、攻撃航空機のキャリア,,,#VALUE!,car,車
404,airliner,旅客機,,,#VALUE!,airplane,飛行機
405,"airship, dirigible",飛行船、dirigible,,,#VALUE!,airplane,飛行機
406,altar,祭壇,,,#VALUE!,,#VALUE!
407,ambulance,救急車,救急車,,#VALUE!,car,車
408,"amphibian, amphibious vehicle",両生類の水陸両用車,,,#VALUE!,car,車
409,analog clock,アナログクロック,時計,,#VALUE!,clock,時計
410,"apiary, bee house",養蜂場、蜂の家,,,#VALUE!,,#VALUE!
411,apron,エプロン,,,#VALUE!,clothing,衣類
412,"ashcan, trash can, garbage can, wastebin, ash bin, ash-bin, ashbin, dustbin, trash barrel, trash bin",アシュカン、ゴミ箱、ごみ缶、廃棄物、アッシュビン、アッシュビン、アシュビン、ダストビン、ゴミ樽、ゴミ箱,ごみ箱,,#VALUE!,trash can,ごみ箱
413,"assault rifle, assault gun",アサルトライフル、攻撃銃,,,#VALUE!,,#VALUE!
414,"backpack, back pack, knapsack, packsack, rucksack, haversack",バックパック、バックパック、ナップサック、パックサック、リュックサック、haversack,バックパック,,#VALUE!,backpack,バックパック
415,"bakery, bakeshop, bakehouse",ベーカリー、ベイクショップ、ベイクハウス,,,#VALUE!,shop,店
416,"balance beam, beam",バランスビーム、ビーム,,,#VALUE!,,#VALUE!
417,balloon,バルーン,,,#VALUE!,,#VALUE!
418,"ballpoint, ballpoint pen, ballpen, Biro",ボールペン、ボールペン、ボールペン、ビロ,ボールペン,,#VALUE!,ballpoint pen,ボールペン
419,Band Aid,バンドエイド,,,#VALUE!,,#VALUE!
420,banjo,バンジョー,,,#VALUE!,musical instrument,楽器
421,"bannister, banister, balustrade, balusters, handrail",Bannister、Vanister、Balustrade、Balusters、Handrail,,,#VALUE!,,#VALUE!
422,barbell,バーベル,,,#VALUE!,,#VALUE!
423,barber chair,床屋の椅子,,,#VALUE!,,#VALUE!
424,barbershop,理髪店,,,#VALUE!,shop,店
425,barn,納屋,,,#VALUE!,,#VALUE!
426,barometer,バロメーター,,,#VALUE!,,#VALUE!
427,"barrel, cask",バレル、キャスク,,,#VALUE!,,#VALUE!
428,"barrow, garden cart, lawn cart, wheelbarrow",バロー、ガーデンカート、芝生カート、手押し車,,,#VALUE!,,#VALUE!
429,baseball,野球,,,#VALUE!,ball,ボール
430,basketball,バスケットボール,,,#VALUE!,ball,ボール
431,bassinet,バシネット,,,#VALUE!,,#VALUE!
432,bassoon,ファゴット,,,#VALUE!,musical instrument,楽器
433,"bathing cap, swimming cap",水着、水泳帽,,,#VALUE!,clothing,衣類
434,bath towel,バスタオル,,,#VALUE!,towel,タオル
435,"bathtub, bathing tub, bath, tub",バスタブ、水着、バス、浴槽,,,#VALUE!,,#VALUE!
436,"beach wagon, station wagon, wagon, estate car, beach waggon, station waggon, waggon",ビーチワゴン、ステーションワゴン、ワゴン、エステートカー、ビーチワゴン、ステーションワゴン、ワゴン,,,#VALUE!,,#VALUE!
437,"beacon, lighthouse, beacon light, pharos",ビーコン、灯台、ビーコンライト、ファロス,,,#VALUE!,,#VALUE!
438,beaker,ビーカー,,,#VALUE!,,#VALUE!
439,"bearskin, busby, shako",ベアスキン、バスビー、シャコ,,,#VALUE!,,#VALUE!
440,beer bottle,ビール瓶,,,#VALUE!,bottle,瓶
441,beer glass,ビールグラス,,,#VALUE!,glass,コップ
442,"bell cote, bell cot",ベルコート、ベルコット,,,#VALUE!,,#VALUE!
443,bib,よだれかけ,,,#VALUE!,clothing,衣類
444,"bicycle-built-for-two, tandem bicycle, tandem",自転車で構築された2人、タンデム自転車、タンデム,,,#VALUE!,,#VALUE!
445,"bikini, two-piece",ビキニ、ツーピース,,,#VALUE!,clothing,衣類
446,"binder, ring-binder",バインダー、リングバインダー,,,#VALUE!,,#VALUE!
447,"binoculars, field glasses, opera glasses",双眼鏡、フィールドグラス、オペラメガネ,,,#VALUE!,,#VALUE!
448,birdhouse,バードハウス,,,#VALUE!,,#VALUE!
449,boathouse,ボートハウス,,,#VALUE!,,#VALUE!
450,"bobsled, bobsleigh, bob",ボブスレー、ボブスリー、ボブ,,,#VALUE!,,#VALUE!
451,"bolo tie, bolo, bola tie, bola",Bolo Tie、Bolo、Bola Tie、Bola,,,#VALUE!,,#VALUE!
452,"bonnet, poke bonnet",ボンネット、ポークボンネット,,,#VALUE!,,#VALUE!
453,bookcase,本棚,,,#VALUE!,bookcase,本棚
454,"bookshop, bookstore, bookstall",書店、書店、書店,,,#VALUE!,shop,店
455,bottlecap,瓶のキャップ,,,#VALUE!,,#VALUE!
456,bow,弓,,,#VALUE!,,#VALUE!
457,"bow tie, bow-tie, bowtie",蝶ネクタイ、蝶ネクタイ、ボウタイ,,,#VALUE!,clothing,衣類
458,"brass, memorial tablet, plaque",真鍮、記念タブレット、プラーク,,,#VALUE!,,#VALUE!
459,"brassiere, bra, bandeau",ブラジャー、ブラ、バンドー,,,#VALUE!,clothing,衣類
460,"breakwater, groin, groyne, mole, bulwark, seawall, jetty",ブレイクウォーター、gro径部、グロイン、ほくろ、防波堤、シーウォール、桟橋,,,#VALUE!,,#VALUE!
461,"breastplate, aegis, egis",胸当て、aegis、egis,,,#VALUE!,,#VALUE!
462,broom,ほうき,,,#VALUE!,broom,ほうき
463,"bucket, pail",バケツ、バケツ,,,#VALUE!,bucket,バケツ
464,buckle,バックル,,,#VALUE!,,#VALUE!
465,bulletproof vest,防弾チョッキ,,,#VALUE!,,#VALUE!
466,"bullet train, bullet",弾丸列車、弾丸,,,#VALUE!,,#VALUE!
467,"butcher shop, meat market",肉屋、肉市場,,,#VALUE!,shop,店
468,"cab, hack, taxi, taxicab",キャブ、ハック、タクシー、タクシー,,,#VALUE!,taxi,タクシー
469,"caldron, cauldron",カルドロン、大釜,,,#VALUE!,,#VALUE!
470,"candle, taper, wax light",キャンドル、テーパー、ワックスライト,,,#VALUE!,,#VALUE!
471,cannon,大砲,,,#VALUE!,,#VALUE!
472,canoe,カヌー,,,#VALUE!,,#VALUE!
473,"can opener, tin opener",缶切り、ティンオープナー,,,#VALUE!,,#VALUE!
474,cardigan,カーディガン,,,#VALUE!,clothing,衣類
475,car mirror,カーミラー,,,#VALUE!,,#VALUE!
476,"carousel, carrousel, merry-go-round, roundabout, whirligig",カルーセル、カルーセル、メリーゴーラウンド、ラウンドアバウト、ワールギグ,,,#VALUE!,,#VALUE!
477,"carpenter\'s kit, tool kit",Carpenter \ 'sキット、ツールキット,,,#VALUE!,,#VALUE!
478,carton,カートン,,,#VALUE!,,#VALUE!
479,car wheel,カーホイール,,,#VALUE!,,#VALUE!
480,"cash machine, cash dispenser, automated teller machine, automatic teller machine, automated teller, automatic teller, ATM",キャッシュマシン、キャッシュディスペン、自動窓口装置、自動窓口装置、自動窓口係、自動窓口係、ATM,,,#VALUE!,,#VALUE!
481,cassette,カセット,,,#VALUE!,,#VALUE!
482,cassette player,カセット・プレーヤー,,,#VALUE!,,#VALUE!
483,castle,城,,,#VALUE!,,#VALUE!
484,catamaran,カタマラン,,,#VALUE!,,#VALUE!
485,CD player,CDプレーヤー,,,#VALUE!,,#VALUE!
486,"cello, violoncello",チェロ、ヴィオロンセロ,,,#VALUE!,musical instrument,楽器
487,"cellular telephone, cellular phone, cellphone, cell, mobile phone",携帯電話、携帯電話、携帯電話、携帯電話、携帯電話,,,#VALUE!,,#VALUE!
488,chain,鎖,,,#VALUE!,,#VALUE!
489,chainlink fence,チェーンリンクフェンス,,,#VALUE!,,#VALUE!
490,"chain mail, ring mail, mail, chain armor, chain armour, ring armor, ring armour",チェーンメール、リングメール、メール、チェーンアーマー、チェーンアーマー、リングアーマー、リングアーマー,,,#VALUE!,,#VALUE!
491,"chain saw, chainsaw",チェーンソー、チェーンソー,,,#VALUE!,,#VALUE!
492,chest,胸,,,#VALUE!,,#VALUE!
493,"chiffonier, commode",Chiffonier、Commode,,,#VALUE!,,#VALUE!
494,"chime, bell, gong",チャイム、ベル、ゴング,,,#VALUE!,,#VALUE!
495,"china cabinet, china closet",チャイナキャビネット、中国クローゼット,,,#VALUE!,,#VALUE!
496,Christmas stocking,クリスマスの靴下,,,#VALUE!,,#VALUE!
497,"church, church building",教会、教会の建物,,,#VALUE!,,#VALUE!
498,"cinema, movie theater, movie theatre, movie house, picture palace",映画館、映画館、映画館、映画館、写真宮殿,,,#VALUE!,shop,店
499,"cleaver, meat cleaver, chopper",裂け目、肉包丁、チョッパー,,,#VALUE!,,#VALUE!
500,cliff dwelling,崖の住居,,,#VALUE!,clothing,衣類
501,cloak,マント,,,#VALUE!,,#VALUE!
502,"clog, geta, patten, sabot",詰まり、geta、パッテン、サボ,,,#VALUE!,,#VALUE!
503,cocktail shaker,カクテルシェーカー,,,#VALUE!,,#VALUE!
504,coffee mug,コーヒーマグカップ,コップ,,#VALUE!,,#VALUE!
505,coffeepot,コーヒーポット,,,#VALUE!,,#VALUE!
506,"coil, spiral, volute, whorl, helix",コイル、スパイラル、ボルート、渦巻き、ヘリックス,,,#VALUE!,,#VALUE!
507,combination lock,コンビネーションロック,,,#VALUE!,,#VALUE!
508,"computer keyboard, keypad",コンピューターキーボード、キーパッド,キーボード,,#VALUE!,keyboard,キーボード
509,"confectionery, confectionary, candy store",菓子、菓子、キャンディーストア,,,#VALUE!,,#VALUE!
510,"container ship, containership, container vessel",コンテナ船、コンテナシップ、コンテナ船,,,#VALUE!,,#VALUE!
511,convertible,コンバーチブル,,,#VALUE!,,#VALUE!
512,"corkscrew, bottle screw",コルクスクリュー、ボトルスクリュー,,,#VALUE!,,#VALUE!
513,"cornet, horn, trumpet, trump",コルネット、ホーン、トランペット、トランプ,,,#VALUE!,,#VALUE!
514,cowboy boot,カウボーイブーツ,,,#VALUE!,,#VALUE!
515,"cowboy hat, ten-gallon hat",カウボーイハット、10ガロンの帽子,,,#VALUE!,,#VALUE!
516,cradle,ゆりかご,,,#VALUE!,,#VALUE!
517,crane,クレーン,,,#VALUE!,,#VALUE!
518,crash helmet,クラッシュヘルメット,,,#VALUE!,,#VALUE!
519,crate,クレート,,,#VALUE!,,#VALUE!
520,"crib, cot",ベビーベッド、ベッド,,,#VALUE!,,#VALUE!
521,Crock Pot,クロックポット,,,#VALUE!,,#VALUE!
522,croquet ball,クロッケボール,,,#VALUE!,ball,ボール
523,crutch,松葉杖,,,#VALUE!,,#VALUE!
524,cuirass,cuirass,,,#VALUE!,,#VALUE!
525,"dam, dike, dyke",ダム、堤防、堤防,,,#VALUE!,,#VALUE!
526,desk,デスク,,,#VALUE!,table,テーブル
527,desktop computer,デスクトップコンピューター,,,#VALUE!,computer,パソコン
528,"dial telephone, dial phone",電話をダイヤルして、電話をダイヤルします,,,#VALUE!,,#VALUE!
529,"diaper, nappy, napkin",おむつ、おむつ、ナプキン,,,#VALUE!,,#VALUE!
530,digital clock,デジタル時計,,,#VALUE!,clock,時計
531,digital watch,デジタル腕時計,,,#VALUE!,clock,時計
532,"dining table, board",ダイニングテーブル、ボード,,,#VALUE!,table,テーブル
533,"dishrag, dishcloth",ディッシュラグ、食器布,,,#VALUE!,,#VALUE!
534,"dishwasher, dish washer, dishwashing machine",食器洗い機、洗濯機、食器洗い機,,,#VALUE!,,#VALUE!
535,"disk brake, disc brake",ディスクブレーキ、ディスクブレーキ,,,#VALUE!,,#VALUE!
536,"dock, dockage, docking facility",ドック、ドック、ドッキング施設,,,#VALUE!,,#VALUE!
537,"dogsled, dog sled, dog sleigh",犬のそば、犬のそり、犬のそり,,,#VALUE!,,#VALUE!
538,dome,ドーム,,,#VALUE!,,#VALUE!
539,"doormat, welcome mat",ドアマット、ようこそマット,,,#VALUE!,,#VALUE!
540,"drilling platform, offshore rig",掘削プラットフォーム、オフショアリグ,,,#VALUE!,,#VALUE!
541,"drum, membranophone, tympan",ドラム、膜形態、ティンパン,,,#VALUE!,musical instrument,楽器
542,drumstick,ドラムスティック,,,#VALUE!,musical instrument,楽器
543,dumbbell,ダンベル,,,#VALUE!,,#VALUE!
544,Dutch oven,ダッチオーブン,,,#VALUE!,,#VALUE!
545,"electric fan, blower",電気ファン、ブロワー,,,#VALUE!,,#VALUE!
546,electric guitar,エレキギター,,,#VALUE!,musical instrument,楽器
547,electric locomotive,電気機関車,,,#VALUE!,,#VALUE!
548,entertainment center,エンターテインメントセンター,,,#VALUE!,shop,店
549,envelope,封筒,,,#VALUE!,,#VALUE!
550,espresso maker,エスプレッソメーカー,,,#VALUE!,,#VALUE!
551,face powder,フェースパウダー,,,#VALUE!,,#VALUE!
552,"feather boa, boa",フェザーボア、ボア,,,#VALUE!,,#VALUE!
553,"file, file cabinet, filing cabinet",ファイル、ファイルキャビネット、ファイリングキャビネット,,,#VALUE!,,#VALUE!
554,fireboat,ファイアボート,,,#VALUE!,,#VALUE!
555,"fire engine, fire truck",消防車、消防車,,,#VALUE!,car,車
556,"fire screen, fireguard",火のスクリーン、ファイアガード,,,#VALUE!,,#VALUE!
557,"flagpole, flagstaff",フラッグポール、フラッグスタッフ,,,#VALUE!,,#VALUE!
558,"flute, transverse flute",フルート、横フルート,,,#VALUE!,musical instrument,楽器
559,folding chair,折りたたみ椅子,,,#VALUE!,,#VALUE!
560,football helmet,サッカーヘルメット,,,#VALUE!,,#VALUE!
561,forklift,フォークリフト,,,#VALUE!,,#VALUE!
562,fountain,噴水,,,#VALUE!,,#VALUE!
563,fountain pen,万年筆,,,#VALUE!,,#VALUE!
564,four-poster,4ポスター,,,#VALUE!,,#VALUE!
565,freight car,貨車,,,#VALUE!,,#VALUE!
566,"French horn, horn",フレンチホーン、ホーン,ホルン,,#VALUE!,musical instrument,楽器
567,"frying pan, frypan, skillet",フライパン、フライパン、フライパン,,,#VALUE!,,#VALUE!
568,fur coat,ファーコート,,,#VALUE!,clothing,衣類
569,"garbage truck, dustcart",ゴミトラック、ダストカート,,,#VALUE!,car,車
570,"gasmask, respirator, gas helmet",ガスマスク、呼吸器、ガスヘルメット,,,#VALUE!,,#VALUE!
571,"gas pump, gasoline pump, petrol pump, island dispenser",ガスポンプ、ガソリンポンプ、ガソリンポンプ、島ディスペンサー,,,#VALUE!,,#VALUE!
572,goblet,ゴブレット,,,#VALUE!,,#VALUE!
573,go-kart,ゴーカート,,,#VALUE!,,#VALUE!
574,golf ball,ゴルフボール,,,#VALUE!,ball,ボール
575,"golfcart, golf cart",ゴルフカート、ゴルフカート,,,#VALUE!,car,車
576,gondola,ゴンドラ,,,#VALUE!,,#VALUE!
577,"gong, tam-tam",ゴング、タムタム,,,#VALUE!,,#VALUE!
578,gown,ガウン,,,#VALUE!,,#VALUE!
579,"grand piano, grand",グランドピアノ、グランド,ピアノ,,#VALUE!,musical instrument,楽器
580,"greenhouse, nursery, glasshouse",温室、保育園、グラスハウス,,,#VALUE!,,#VALUE!
581,"grille, radiator grille",グリル、ラジエーターグリル,,,#VALUE!,,#VALUE!
582,"grocery store, grocery, food market, market",食料品店、食料品、食品市場、市場,,,#VALUE!,shop,店
583,guillotine,ギロチン,,,#VALUE!,,#VALUE!
584,hair slide,ヘアスライド,,,#VALUE!,,#VALUE!
585,hair spray,ヘアスプレー,,,#VALUE!,,#VALUE!
586,half track,ハーフトラック,,,#VALUE!,,#VALUE!
587,hammer,ハンマー,,,#VALUE!,,#VALUE!
588,hamper,妨害します,,,#VALUE!,,#VALUE!
589,"hand blower, blow dryer, blow drier, hair dryer, hair drier",ハンドブロワー、ブロードライヤー、ブロードライヤー、ヘアドライヤー、ヘアドライヤー,,,#VALUE!,,#VALUE!
590,"hand-held computer, hand-held microcomputer",ハンドヘルドコンピューター、ハンドヘルドマイクロコンピューター,,,#VALUE!,computer,パソコン
591,"handkerchief, hankie, hanky, hankey",ハンカチ、ハンキー、ハンキー、ハンキー,,,#VALUE!,,#VALUE!
592,"hard disc, hard disk, fixed disk",ハードディスク、ハードディスク、固定ディスク,,,#VALUE!,,#VALUE!
593,"harmonica, mouth organ, harp, mouth harp",ハーモニカ、マウスオルガン、ハープ、マウスハープ,ハーモニカ,,#VALUE!,musical instrument,楽器
594,harp,ハープ,ハープ,,#VALUE!,musical instrument,楽器
595,"harvester, reaper",ハーベスター、死神,,,#VALUE!,,#VALUE!
596,hatchet,手hatch,,,#VALUE!,,#VALUE!
597,holster,ホルスター,,,#VALUE!,,#VALUE!
598,"home theater, home theatre",ホームシアター、ホームシアター,,,#VALUE!,,#VALUE!
599,honeycomb,ハニカム,,,#VALUE!,,#VALUE!
600,"hook, claw",フック、爪,,,#VALUE!,,#VALUE!
601,"hoopskirt, crinoline",フープスカート、クリノリン,,,#VALUE!,,#VALUE!
602,"horizontal bar, high bar",水平バー、ハイバー,,,#VALUE!,,#VALUE!
603,"horse cart, horse-cart",馬カート、馬車,,,#VALUE!,,#VALUE!
604,hourglass,砂時計,,,#VALUE!,,#VALUE!
605,iPod,iPod,iPod,,#VALUE!,iPod,iPod
606,"iron, smoothing iron",鉄、滑らかな鉄,,,#VALUE!,,#VALUE!
607,jack-o\'-lantern,jack-o \ ' - ランタン,,,#VALUE!,,#VALUE!
608,"jean, blue jean, denim",ジャン、ブルージャン、デニム,,,#VALUE!,clothing,衣類
609,"jeep, landrover",ジープ、ランドローバー,,,#VALUE!,,#VALUE!
610,"jersey, T-shirt, tee shirt",ジャージー、Tシャツ、Tシャツ,,,#VALUE!,clothing,衣類
611,jigsaw puzzle,ジグソーパズル,,,#VALUE!,,#VALUE!
612,"jinrikisha, ricksha, rickshaw",ジンリキシャ、リックシャ、人力車,,,#VALUE!,,#VALUE!
613,joystick,ジョイスティック,,,#VALUE!,,#VALUE!
614,kimono,着物,,,#VALUE!,clothing,衣類
615,knee pad,膝パッド,,,#VALUE!,,#VALUE!
616,knot,結び目,,,#VALUE!,,#VALUE!
617,"lab coat, laboratory coat",ラボコート、実験用コート,,,#VALUE!,clothing,衣類
618,ladle,ひしゃく,,,#VALUE!,,#VALUE!
619,"lampshade, lamp shade",ランプシェード、ランプシェード,,,#VALUE!,,#VALUE!
620,"laptop, laptop computer",ラップトップ、ラップトップコンピューター,,,#VALUE!,computer,パソコン
621,"lawn mower, mower",芝刈り機、芝刈り機,,,#VALUE!,,#VALUE!
622,"lens cap, lens cover",レンズキャップ、レンズカバー,,,#VALUE!,,#VALUE!
623,"letter opener, paper knife, paperknife",レターオープナー、ペーパーナイフ、ペーパーナイフ,,,#VALUE!,,#VALUE!
624,library,図書館,,,#VALUE!,,#VALUE!
625,lifeboat,救命艇,,,#VALUE!,,#VALUE!
626,"lighter, light, igniter, ignitor",軽い、軽い、イグナイター、イグナイター,,,#VALUE!,,#VALUE!
627,"limousine, limo",リムジン、リムジン,,,#VALUE!,,#VALUE!
628,"liner, ocean liner",ライナー、オーシャンライナー,,,#VALUE!,,#VALUE!
629,"lipstick, lip rouge",口紅、リップルージュ,,,#VALUE!,,#VALUE!
630,Loafer,ローファー,,,#VALUE!,shoe,靴
631,lotion,ローション,,,#VALUE!,,#VALUE!
632,"loudspeaker, speaker, speaker unit, loudspeaker system, speaker system",スピーカー、スピーカー、スピーカーユニット、スピーカーシステム、スピーカーシステム,,,#VALUE!,,#VALUE!
633,"loupe, jeweler\'s loupe",ループ、宝石商のループ,,,#VALUE!,,#VALUE!
634,"lumbermill, sawmill",製材所、製材所,,,#VALUE!,,#VALUE!
635,magnetic compass,方位磁針,方位磁針,,#VALUE!,magnetic compass,方位磁針
636,"mailbag, postbag",MailBag、PostBag,,,#VALUE!,,#VALUE!
637,"mailbox, letter box",メールボックス、レターボックス,,,#VALUE!,,#VALUE!
638,maillot,マイロット,,,#VALUE!,,#VALUE!
639,"maillot, tank suit",マイロ、タンクスーツ,,,#VALUE!,,#VALUE!
640,manhole cover,マンホールカバー,,,#VALUE!,,#VALUE!
641,maraca,マラカス,,,#VALUE!,musical instrument,楽器
642,"marimba, xylophone",マリンバ、キシロフォン,,,#VALUE!,musical instrument,楽器
643,mask,マスク,マスク,,#VALUE!,mask,マスク
644,matchstick,マッチスティック,,,#VALUE!,,#VALUE!
645,maypole,メイポール,,,#VALUE!,,#VALUE!
646,"maze, labyrinth",迷路、迷路,,,#VALUE!,,#VALUE!
647,measuring cup,計量カップ,,,#VALUE!,,#VALUE!
648,"medicine chest, medicine cabinet",薬箱、薬キャビネット,,,#VALUE!,,#VALUE!
649,"megalith, megalithic structure",巨石、巨石構造,,,#VALUE!,,#VALUE!
650,"microphone, mike",マイク、マイク,,,#VALUE!,musical instrument,楽器
651,"microwave, microwave oven",電子レンジ、電子レンジ,,,#VALUE!,,#VALUE!
652,military uniform,軍服,,,#VALUE!,clothing,衣類
653,milk can,牛乳はできます,ミルク缶,,#VALUE!,,#VALUE!
654,minibus,ミニバス,,,#VALUE!,car,車
655,"miniskirt, mini",ミニスカート、ミニ,,,#VALUE!,clothing,衣類
656,minivan,ミニバン,,,#VALUE!,,#VALUE!
657,missile,ミサイル,,,#VALUE!,,#VALUE!
658,mitten,ミトン,,,#VALUE!,,#VALUE!
659,mixing bowl,ミキシングボウル,,,#VALUE!,,#VALUE!
660,"mobile home, manufactured home",モバイルホーム、製造された家,,,#VALUE!,,#VALUE!
661,Model T,モデルt,,,#VALUE!,,#VALUE!
662,modem,モデム,,,#VALUE!,,#VALUE!
663,monastery,修道院,,,#VALUE!,,#VALUE!
664,monitor,モニター,,,#VALUE!,,#VALUE!
665,moped,モペット,,,#VALUE!,,#VALUE!
666,mortar,モルタル,,,#VALUE!,,#VALUE!
667,mortarboard,モルタルボード,,,#VALUE!,,#VALUE!
668,mosque,モスク,,,#VALUE!,,#VALUE!
669,mosquito net,蚊帳,,,#VALUE!,,#VALUE!
670,"motor scooter, scooter",モータースクーター、スクーター,,,#VALUE!,,#VALUE!
671,"mountain bike, all-terrain bike, off-roader",マウンテンバイク、オールテレインバイク、オフロード業者,,,#VALUE!,,#VALUE!
672,mountain tent,マウンテンテント,,,#VALUE!,,#VALUE!
673,"mouse, computer mouse",マウス、コンピューターマウス,,,#VALUE!,mouse,マウス
674,mousetrap,マウストラップ,,,#VALUE!,,#VALUE!
675,moving van,動くバン,,,#VALUE!,car,車
676,muzzle,銃口,,,#VALUE!,,#VALUE!
677,nail,爪,,,#VALUE!,,#VALUE!
678,neck brace,ネックブレース,,,#VALUE!,,#VALUE!
679,necklace,ネックレス,,,#VALUE!,,#VALUE!
680,nipple,乳首,,,#VALUE!,,#VALUE!
681,"notebook, notebook computer",ノートブック、ノートブックコンピューター,,,#VALUE!,,#VALUE!
682,obelisk,オベリスク,,,#VALUE!,,#VALUE!
683,"oboe, hautboy, hautbois",オーボー、ハートボーイ、ハウコイ,,,#VALUE!,musical instrument,楽器
684,"ocarina, sweet potato",オカリナ、サツマイモ,,,#VALUE!,,#VALUE!
685,"odometer, hodometer, mileometer, milometer",走行距離計、ホドメーター、マイルメートル、ミロメーター,,,#VALUE!,,#VALUE!
686,oil filter,オイルフィルター,,,#VALUE!,,#VALUE!
687,"organ, pipe organ",オルガン、パイプオルガン,,,#VALUE!,musical instrument,楽器
688,"oscilloscope, scope, cathode-ray oscilloscope, CRO",オシロスコープ、スコープ、カソード照射オシロスコープ、CRO,,,#VALUE!,,#VALUE!
689,overskirt,オーバースカート,,,#VALUE!,clothing,衣類
690,oxcart,牛車,,,#VALUE!,,#VALUE!
691,oxygen mask,酸素マスク,,,#VALUE!,,#VALUE!
692,packet,パケット,,,#VALUE!,,#VALUE!
693,"paddle, boat paddle",パドル、ボートパドル,,,#VALUE!,,#VALUE!
694,"paddlewheel, paddle wheel",パドルホイール、パドルホイール,,,#VALUE!,,#VALUE!
695,padlock,南京錠,,,#VALUE!,,#VALUE!
696,paintbrush,絵筆,,,#VALUE!,,#VALUE!
697,"pajama, pyjama, pj\'s, jammies",パジャマ、パジャマ、pj \ 's、ジャミー,,,#VALUE!,clothing,衣類
698,palace,城,,,#VALUE!,,#VALUE!
699,"panpipe, pandean pipe, syrinx",パンパイプ、パンディーンパイプ、シリンクス,,,#VALUE!,,#VALUE!
700,paper towel,ペーパータオル,,,#VALUE!,,#VALUE!
701,"parachute, chute",パラシュート、シュート,,,#VALUE!,,#VALUE!
702,"parallel bars, bars",平行バー、バー,,,#VALUE!,,#VALUE!
703,park bench,公園のベンチ,,,#VALUE!,,#VALUE!
704,parking meter,パーキングメーター,,,#VALUE!,,#VALUE!
705,"passenger car, coach, carriage",乗用車、コーチ、馬車,,,#VALUE!,car,車
706,"patio, terrace",パティオ、テラス,,,#VALUE!,,#VALUE!
707,"pay-phone, pay-station",ペイフォン、ペイステーション,,,#VALUE!,,#VALUE!
708,"pedestal, plinth, footstall",台座、台座、足場,,,#VALUE!,,#VALUE!
709,"pencil box, pencil case",鉛筆箱、鉛筆ケース,,,#VALUE!,,#VALUE!
710,pencil sharpener,鉛筆削り,,,#VALUE!,,#VALUE!
711,"perfume, essence",香水、エッセンス,,,#VALUE!,,#VALUE!
712,Petri dish,ペトリ皿,,,#VALUE!,,#VALUE!
713,photocopier,コピー機,,,#VALUE!,,#VALUE!
714,"pick, plectrum, plectron",ピック、プレクトラム、プレクトロン,,,#VALUE!,,#VALUE!
715,pickelhaube,Pickelhaube,,,#VALUE!,,#VALUE!
716,"picket fence, paling",ピケットフェンス、薄暗い,,,#VALUE!,,#VALUE!
717,"pickup, pickup truck",ピックアップ、ピックアップトラック,,,#VALUE!,car,車
718,pier,橋脚,,,#VALUE!,,#VALUE!
719,"piggy bank, penny bank",ピギーバンク、ペニー銀行,,,#VALUE!,,#VALUE!
720,pill bottle,錠剤瓶,,,#VALUE!,,#VALUE!
721,pillow,まくら,,,#VALUE!,,#VALUE!
722,ping-pong ball,ピンポンボール,,,#VALUE!,ball,ボール
723,pinwheel,ピンホイール,,,#VALUE!,,#VALUE!
724,"pirate, pirate ship",海賊、海賊船,,,#VALUE!,,#VALUE!
725,"pitcher, ewer",ピッチャー、Ewer,,,#VALUE!,,#VALUE!
726,"plane, carpenter\'s plane, woodworking plane",飛行機、大工\の飛行機、木工飛行機,,,#VALUE!,plane,飛行機
727,planetarium,プラネタリウム,,,#VALUE!,,#VALUE!
728,plastic bag,ビニール袋,,,#VALUE!,,#VALUE!
729,plate rack,プレートラック,,,#VALUE!,,#VALUE!
730,"plow, plough",プラウ、プラウ,,,#VALUE!,,#VALUE!
731,"plunger, plumber\'s helper",プランジャー、配管工のヘルパー,,,#VALUE!,,#VALUE!
732,"Polaroid camera, Polaroid Land camera",ポラロイドカメラ、ポラロイドランドカメラ,,,#VALUE!,,#VALUE!
733,pole,ポール,,,#VALUE!,,#VALUE!
734,"police van, police wagon, paddy wagon, patrol wagon, wagon, black Maria",警察バン、警察ワゴン、パディワゴン、パトロールワゴン、ワゴン、ブラックマリア,,,#VALUE!,car,車
735,poncho,ポンチョ,,,#VALUE!,clothing,衣類
736,"pool table, billiard table, snooker table",プールテーブル、ビリヤードテーブル、スヌーカーテーブル,,,#VALUE!,,#VALUE!
737,"pop bottle, soda bottle",ポップボトル、ソーダボトル,,,#VALUE!,,#VALUE!
738,"pot, flowerpot",ポット、フラワーポット,,,#VALUE!,,#VALUE!
739,potter\'s wheel,ポッターの車輪,,,#VALUE!,,#VALUE!
740,power drill,パワードリル,,,#VALUE!,,#VALUE!
741,"prayer rug, prayer mat",祈りの敷物、祈りのマット,,,#VALUE!,,#VALUE!
742,printer,プリンター,,,#VALUE!,,#VALUE!
743,"prison, prison house",刑務所、刑務所,,,#VALUE!,,#VALUE!
744,"projectile, missile",発射体、ミサイル,,,#VALUE!,,#VALUE!
745,projector,プロジェクター,,,#VALUE!,,#VALUE!
746,"puck, hockey puck",パック、ホッケーパック,,,#VALUE!,,#VALUE!
747,"punching bag, punch bag, punching ball, punchball",パンチングバッグ、パンチバッグ、パンチボール、パンチボール,,,#VALUE!,,#VALUE!
748,purse,財布,,,#VALUE!,,#VALUE!
749,"quill, quill pen",クイル、クイルペン,,,#VALUE!,,#VALUE!
750,"quilt, comforter, comfort, puff",キルト、掛け布団、快適さ、パフ,,,#VALUE!,,#VALUE!
751,"racer, race car, racing car",レーサー、レースカー、レーシングカー,,,#VALUE!,car,車
752,"racket, racquet",ラケット、ラケット,,,#VALUE!,,#VALUE!
753,radiator,ラジエーター,,,#VALUE!,,#VALUE!
754,"radio, wireless",ラジオ、ワイヤレス,,,#VALUE!,,#VALUE!
755,"radio telescope, radio reflector",無線望遠鏡、ラジオリフレクター,,,#VALUE!,,#VALUE!
756,rain barrel,レインバレル,,,#VALUE!,,#VALUE!
757,"recreational vehicle, RV, R.V.",レクリエーションビークル、RV、R.V。,,,#VALUE!,,#VALUE!
758,reel,リール,,,#VALUE!,,#VALUE!
759,reflex camera,反射カメラ,,,#VALUE!,,#VALUE!
760,"refrigerator, icebox",冷蔵庫、アイスボックス,,,#VALUE!,,#VALUE!
761,"remote control, remote",リモートコントロール、リモート,,,#VALUE!,,#VALUE!
762,"restaurant, eating house, eating place, eatery",レストラン、食事の家、食事場所、飲食店,,,#VALUE!,,#VALUE!
763,"revolver, six-gun, six-shooter",リボルバー、6銃、6射手,,,#VALUE!,,#VALUE!
764,rifle,ライフル,,,#VALUE!,,#VALUE!
765,"rocking chair, rocker",ロッキングチェア、ロッカー,,,#VALUE!,,#VALUE!
766,rotisserie,ロティサリー,,,#VALUE!,,#VALUE!
767,"rubber eraser, rubber, pencil eraser",ゴム消しゴム、ゴム、鉛筆消しゴム,,,#VALUE!,,#VALUE!
768,rugby ball,ラグビーボール,,,#VALUE!,ball,ボール
769,"rule, ruler",ルール、支配者,,,#VALUE!,,#VALUE!
770,running shoe,ランニングシューズ,,,#VALUE!,shoe,靴
771,safe,安全,金庫,,#VALUE!,,#VALUE!
772,safety pin,安全ピン,,,#VALUE!,,#VALUE!
773,"saltshaker, salt shaker",ソルトシェーカー、ソルトシェーカー,,,#VALUE!,,#VALUE!
774,sandal,サンダル,,,#VALUE!,,#VALUE!
775,sarong,サロン,,,#VALUE!,,#VALUE!
776,"sax, saxophone",サックス、サックス,,,#VALUE!,musical instrument,楽器
777,scabbard,鞘,,,#VALUE!,,#VALUE!
778,"scale, weighing machine",スケール、計量機,,,#VALUE!,,#VALUE!
779,school bus,スクールバス,,,#VALUE!,car,車
780,schooner,スクーナー,,,#VALUE!,,#VALUE!
781,scoreboard,スコアボード,,,#VALUE!,,#VALUE!
782,"screen, CRT screen",画面、CRT画面,,,#VALUE!,,#VALUE!
783,screw,スクリュー,,,#VALUE!,,#VALUE!
784,screwdriver,ドライバー,,,#VALUE!,,#VALUE!
785,"seat belt, seatbelt",シートベルト、シートベルト,,,#VALUE!,,#VALUE!
786,sewing machine,ミシン,,,#VALUE!,,#VALUE!
787,"shield, buckler",シールド、バックラー,,,#VALUE!,,#VALUE!
788,"shoe shop, shoe-shop, shoe store",靴屋、靴ショップ、靴屋,,,#VALUE!,,#VALUE!
789,shoji,shaji,障子,,#VALUE!,shoji,障子
790,shopping basket,買い物かご,,,#VALUE!,,#VALUE!
791,shopping cart,ショッピングカート,,,#VALUE!,,#VALUE!
792,shovel,シャベル,,,#VALUE!,,#VALUE!
793,shower cap,シャワーキャップ,,,#VALUE!,,#VALUE!
794,shower curtain,シャワーカーテン,,,#VALUE!,,#VALUE!
795,ski,スキー,,,#VALUE!,,#VALUE!
796,ski mask,目出し帽,,,#VALUE!,clothing,衣類
797,sleeping bag,寝袋,,,#VALUE!,,#VALUE!
798,"slide rule, slipstick",スライドルール、スリップスティック,,,#VALUE!,,#VALUE!
799,sliding door,引き戸,,,#VALUE!,,#VALUE!
800,"slot, one-armed bandit",スロット、片腕の盗賊,,,#VALUE!,,#VALUE!
801,snorkel,スノーケル,,,#VALUE!,,#VALUE!
802,snowmobile,スノーモービル,,,#VALUE!,,#VALUE!
803,"snowplow, snowplough",除雪車、雪子,,,#VALUE!,,#VALUE!
804,soap dispenser,石鹸ディスペンサー,,,#VALUE!,,#VALUE!
805,soccer ball,サッカーボール,,,#VALUE!,ball,ボール
806,sock,靴下,,,#VALUE!,clothing,衣類
807,"solar dish, solar collector, solar furnace",ソーラーディッシュ、ソーラーコレクター、ソーラー炉,,,#VALUE!,,#VALUE!
808,sombrero,ソンブレロ,,,#VALUE!,,#VALUE!
809,soup bowl,スープボウル,,,#VALUE!,,#VALUE!
810,space bar,スペースキー,,,#VALUE!,,#VALUE!
811,space heater,スペースヒーター,,,#VALUE!,,#VALUE!
812,space shuttle,スペースシャトル,,,#VALUE!,,#VALUE!
813,spatula,ヘラ,,,#VALUE!,,#VALUE!
814,speedboat,スピードボート,,,#VALUE!,,#VALUE!
815,"spider web, spider\'s web",Spider Web、Spider \ 'のWeb,,,#VALUE!,,#VALUE!
816,spindle,スピンドル,,,#VALUE!,,#VALUE!
817,"sports car, sport car",スポーツカー、スポーツカー,,,#VALUE!,car,車
818,"spotlight, spot",スポットライト、スポット,,,#VALUE!,,#VALUE!
819,stage,ステージ,,,#VALUE!,,#VALUE!
820,steam locomotive,蒸気機関車,,,#VALUE!,train,電車
821,steel arch bridge,スチールアーチブリッジ,,,#VALUE!,,#VALUE!
822,steel drum,スチールドラム,,,#VALUE!,musical instrument,楽器
823,stethoscope,聴診器,,,#VALUE!,,#VALUE!
824,stole,ストール,,,#VALUE!,clothing,衣類
825,stone wall,石垣,,,#VALUE!,,#VALUE!
826,"stopwatch, stop watch",ストップウォッチ、停止時計,,,#VALUE!,,#VALUE!
827,stove,ストーブ,,,#VALUE!,,#VALUE!
828,strainer,ストレーナー,,,#VALUE!,,#VALUE!
829,"streetcar, tram, tramcar, trolley, trolley car",路面電車、路面電車、トラムカー、トロリー、トロリーカー,,,#VALUE!,train,電車
830,stretcher,ストレッチャー,,,#VALUE!,,#VALUE!
831,"studio couch, day bed",スタジオカウチ、デイベッド,,,#VALUE!,,#VALUE!
832,"stupa, tope",仏塔、トープ,,,#VALUE!,,#VALUE!
833,"submarine, pigboat, sub, U-boat",潜水艦、豚ボート、サブ、Uボート,,,#VALUE!,,#VALUE!
834,"suit, suit of clothes",スーツ、服のスーツ,,,#VALUE!,clothing,衣類
835,sundial,日時計,,,#VALUE!,clock,時計
836,sunglass,サングラス,,,#VALUE!,eye glasses,眼鏡
837,"sunglasses, dark glasses, shades",サングラス、暗い眼鏡、色合い,,,#VALUE!,eye glasses,眼鏡
838,"sunscreen, sunblock, sun blocker",日焼け止め、日焼け止め、日焼け止め,,,#VALUE!,,#VALUE!
839,suspension bridge,サスペンションブリッジ,,,#VALUE!,,#VALUE!
840,"swab, swob, mop",スワブ、sw、モップ,,,#VALUE!,,#VALUE!
841,sweatshirt,トレーナー,,,#VALUE!,clothing,衣類
842,"swimming trunks, bathing trunks",水泳のトランク、入浴トランク,,,#VALUE!,,#VALUE!
843,swing,スイング,,,#VALUE!,,#VALUE!
844,"switch, electric switch, electrical switch",スイッチ、電気スイッチ、電気スイッチ,,,#VALUE!,,#VALUE!
845,syringe,シリンジ,,,#VALUE!,,#VALUE!
846,table lamp,電気スタンド,,,#VALUE!,,#VALUE!
847,"tank, army tank, armored combat vehicle, armoured combat vehicle",タンク、陸軍タンク、装甲戦闘車両、装甲戦闘車両,,,#VALUE!,car,車
848,tape player,テーププレーヤー,,,#VALUE!,,#VALUE!
849,teapot,ティーポット,,,#VALUE!,,#VALUE!
850,"teddy, teddy bear",テディ、テディベア,テディベア,,#VALUE!,,#VALUE!
851,"television, television system",テレビ、テレビシステム,テレビ,,#VALUE!,,#VALUE!
852,tennis ball,テニスボール,,,#VALUE!,ball,ボール
853,"thatch, thatched roof",thatき、thatき屋根,,,#VALUE!,,#VALUE!
854,"theater curtain, theatre curtain",劇場のカーテン、劇場のカーテン,,,#VALUE!,,#VALUE!
855,thimble,指見,,,#VALUE!,,#VALUE!
856,"thresher, thrasher, threshing machine",脱穀機、スラッシャー、脱穀機,,,#VALUE!,,#VALUE!
857,throne,王位,,,#VALUE!,,#VALUE!
858,tile roof,タイル屋根,,,#VALUE!,,#VALUE!
859,toaster,トースター,,,#VALUE!,,#VALUE!
860,"tobacco shop, tobacconist shop, tobacconist",Tobacco Shop、Tobacconist Shop、Tobacconist,,,#VALUE!,shop,店
861,toilet seat,便座,,,#VALUE!,,#VALUE!
862,torch,松明,,,#VALUE!,,#VALUE!
863,totem pole,トーテムポール,,,#VALUE!,,#VALUE!
864,"tow truck, tow car, wrecker",レッカー車、レッカー車、レッカー,,,#VALUE!,,#VALUE!
865,toyshop,玩具屋,,,#VALUE!,,#VALUE!
866,tractor,トラクター,,,#VALUE!,car,車
867,"trailer truck, tractor trailer, trucking rig, rig, articulated lorry, semi",トレーラートラック、トラクタートレーラー、トラックリグ、リグ、関節トラック、セミ,,,#VALUE!,car,車
868,tray,トレイ,,,#VALUE!,,#VALUE!
869,trench coat,トレンチコート,,,#VALUE!,clothing,衣類
870,"tricycle, trike, velocipede",三輪車、トライク、ベロシペデ,,,#VALUE!,,#VALUE!
871,trimaran,トリマラン,,,#VALUE!,,#VALUE!
872,tripod,三脚,,,#VALUE!,,#VALUE!
873,triumphal arch,凱旋門,,,#VALUE!,,#VALUE!
874,"trolleybus, trolley coach, trackless trolley",トロリーバス、トロリーコーチ、トラックレストロリー,,,#VALUE!,car,車
875,trombone,トロンボーン,,,#VALUE!,musical instrument,楽器
876,"tub, vat",浴槽、ヴァット,,,#VALUE!,,#VALUE!
877,turnstile,ターンスタイル,,,#VALUE!,,#VALUE!
878,typewriter keyboard,タイプライターキーボード,,,#VALUE!,,#VALUE!
879,umbrella,傘,,,#VALUE!,,#VALUE!
880,"unicycle, monocycle",一輪車、モノサイクル,,,#VALUE!,,#VALUE!
881,"upright, upright piano",直立した、直立したピアノ,,,#VALUE!,musical instrument,楽器
882,"vacuum, vacuum cleaner",真空、掃除機,,,#VALUE!,,#VALUE!
883,vase,花瓶,,,#VALUE!,,#VALUE!
884,vault,ボールト,,,#VALUE!,,#VALUE!
885,velvet,ベルベット,,,#VALUE!,,#VALUE!
886,vending machine,自動販売機,,,#VALUE!,,#VALUE!
887,vestment,ベスト,,,#VALUE!,,#VALUE!
888,viaduct,高架橋,,,#VALUE!,,#VALUE!
889,"violin, fiddle",バイオリン、フィドル,,,#VALUE!,musical instrument,楽器
890,volleyball,バレーボール,,,#VALUE!,ball,玉
891,waffle iron,ワッフル焼き型,,,#VALUE!,,#VALUE!
892,wall clock,壁時計,,,#VALUE!,clock,時計
893,"wallet, billfold, notecase, pocketbook",ウォレット、ビルフォールド、ノートケース、ポケットブック,,,#VALUE!,,#VALUE!
894,"wardrobe, closet, press",ワードローブ、クローゼット、プレス,,,#VALUE!,,#VALUE!
895,"warplane, military plane",軍用機、軍用機,,,#VALUE!,,#VALUE!
896,"washbasin, handbasin, washbowl, lavabo, wash-hand basin",ウォッシュベイシン、ハンドベシン、ウォッシュボウル、ラバボ、ウォッシュハンドベースン,,,#VALUE!,,#VALUE!
897,"washer, automatic washer, washing machine",洗濯機、自動洗濯機、洗濯機,,,#VALUE!,,#VALUE!
898,water bottle,ウォーターボトル,,,#VALUE!,,#VALUE!
899,water jug,水差し,,,#VALUE!,,#VALUE!
900,water tower,給水塔,,,#VALUE!,,#VALUE!
901,whiskey jug,ウイスキー水差し,,,#VALUE!,,#VALUE!
902,whistle,ホイッスル,,,#VALUE!,musical instrument,楽器
903,wig,かつら,,,#VALUE!,,#VALUE!
904,window screen,ウインドウスクリーン,,,#VALUE!,,#VALUE!
905,window shade,ウィンドウシェード,,,#VALUE!,,#VALUE!
906,Windsor tie,ウィンザータイ,,,#VALUE!,,#VALUE!
907,wine bottle,ワインボトル,,,#VALUE!,,#VALUE!
908,wing,羽,,,#VALUE!,,#VALUE!
909,wok,中華鍋,,,#VALUE!,,#VALUE!
910,wooden spoon,木製スプーン,,,#VALUE!,,#VALUE!
911,"wool, woolen, woollen",ウール、ウール、ウール,,,#VALUE!,,#VALUE!
912,"worm fence, snake fence, snake-rail fence, Virginia fence",ワームフェンス、ヘビフェンス、ヘビレールフェンス、バージニアフェンス,,,#VALUE!,,#VALUE!
913,wreck,難破船,,,#VALUE!,,#VALUE!
914,yawl,ヨール,,,#VALUE!,,#VALUE!
915,yurt,パオ,,,#VALUE!,,#VALUE!
916,"web site, website, internet site, site",ウェブサイト、ウェブサイト、インターネットサイト、サイト,,,#VALUE!,,#VALUE!
917,comic book,コミックブック,,,#VALUE!,,#VALUE!
918,"crossword puzzle, crossword",クロスワードパズル、クロスワード,,,#VALUE!,,#VALUE!
919,street sign,ストリートサイン,,,#VALUE!,,#VALUE!
920,"traffic light, traffic signal, stoplight",信号、信号機、ストップライト,,,#VALUE!,,#VALUE!
921,"book jacket, dust cover, dust jacket, dust wrapper",ブックジャケット、ダストカバー、ダストジャケット、ダストラッパー,,,#VALUE!,,#VALUE!
922,menu,メニュー,,,#VALUE!,,#VALUE!
923,plate,皿,,,#VALUE!,,#VALUE!
924,guacamole,グアカモーレ,,,#VALUE!,cooking,料理
925,consomme,コンソメ,,,#VALUE!,cooking,料理
926,"hot pot, hotpot",ホットポット、ホットポット,,,#VALUE!,cooking,料理
927,trifle,ささいな,,,#VALUE!,cooking,料理
928,"ice cream, icecream",アイスクリーム、アイスクリーム,,,#VALUE!,cooking,料理
929,"ice lolly, lolly, lollipop, popsicle",アイスロリー、ロリー、ロリポップ、ポップシクル,,,#VALUE!,cooking,料理
930,French loaf,フランスのパン,,,#VALUE!,cooking,料理
931,"bagel, beigel",ベーゲル、ベイゲル,,,#VALUE!,cooking,料理
932,pretzel,プレッツェル,,,#VALUE!,cooking,料理
933,cheeseburger,チーズバーガー,,,#VALUE!,cooking,料理
934,"hotdog, hot dog, red hot",ホットドッグ、ホットドッグ、レッドホット,,,#VALUE!,cooking,料理
935,mashed potato,マッシュポテト,,,#VALUE!,cooking,料理
936,head cabbage,ヘッドキャベツ,,,#VALUE!,vegitable,野菜
937,broccoli,ブロッコリ,,,#VALUE!,vegitable,野菜
938,cauliflower,カリフラワー,,,#VALUE!,vegitable,野菜
939,"zucchini, courgette",ズッキーニ、ズッキーニ,,,#VALUE!,vegitable,野菜
940,spaghetti squash,スパゲッティスカッシュ,,,#VALUE!,vegitable,野菜
941,acorn squash,どんぐりかぼちゃ,,,#VALUE!,vegitable,野菜
942,butternut squash,バターナットスカッシュ,,,#VALUE!,vegitable,野菜
943,"cucumber, cuke",キュウリ、キューク,,,#VALUE!,vegitable,野菜
944,"artichoke, globe artichoke",アーティチョーク、グローブアーティチョーク,,,#VALUE!,vegitable,野菜
945,bell pepper,ピーマン,,,#VALUE!,vegitable,野菜
946,cardoon,カルドゥーン,,,#VALUE!,vegitable,野菜
947,mushroom,キノコ,,,#VALUE!,,#VALUE!
948,Granny Smith,グラニースミス,,,#VALUE!,fruit,フルーツ
949,strawberry,いちご,,,#VALUE!,fruit,フルーツ
950,orange,オレンジ,,,#VALUE!,fruit,フルーツ
951,lemon,レモン,,,#VALUE!,fruit,フルーツ
952,fig,図,,,#VALUE!,fruit,フルーツ
953,"pineapple, ananas",パイナップル、アナナ,,,#VALUE!,fruit,フルーツ
954,banana,バナナ,,,#VALUE!,fruit,フルーツ
955,"jackfruit, jak, jack",ジャックフルーツ、ジャク、ジャック,,,#VALUE!,fruit,フルーツ
956,custard apple,カスタードアップル,,,#VALUE!,fruit,フルーツ
957,pomegranate,ザクロ,,,#VALUE!,fruit,フルーツ
958,hay,干し草,,,#VALUE!,,#VALUE!
959,carbonara,カーボナーラ,,,#VALUE!,cooking,料理
960,"chocolate sauce, chocolate syrup",チョコレートソース、チョコレートシロップ,,,#VALUE!,cooking,料理
961,dough,生地,,,#VALUE!,cooking,料理
962,"meat loaf, meatloaf",ミートローフ、ミートローフ,,,#VALUE!,cooking,料理
963,"pizza, pizza pie",ピザ、ピザパイ,,,#VALUE!,cooking,料理
964,potpie,ポッピー,,,#VALUE!,cooking,料理
965,burrito,ブリトー,,,#VALUE!,cooking,料理
966,red wine,赤ワイン,,,#VALUE!,liquer,お酒
967,espresso,エスプレッソ,,,#VALUE!,coffee,コーヒー
968,cup,カップ,,,#VALUE!,cup,コップ
969,eggnog,エッグノッグ,,,#VALUE!,cooking,料理
970,alp,ALP,,,#VALUE!,,#VALUE!
971,bubble,バブル,,,#VALUE!,,#VALUE!
972,"cliff, drop, drop-off",クリフ、ドロップ、ドロップオフ,,,#VALUE!,,#VALUE!
973,coral reef,サンゴ礁,,,#VALUE!,,#VALUE!
974,geyser,ガイザー,,,#VALUE!,,#VALUE!
975,"lakeside, lakeshore",湖side、湖shore,,,#VALUE!,,#VALUE!
976,"promontory, headland, head, foreland",岬、岬、校長、前地,,,#VALUE!,,#VALUE!
977,"sandbar, sand bar",サンドバー、サンドバー,,,#VALUE!,,#VALUE!
978,"seashore, coast, seacoast, sea-coast",海岸、海岸、海岸、海岸,,,#VALUE!,,#VALUE!
979,"valley, vale",バレー、谷,,,#VALUE!,,#VALUE!
980,volcano,火山,,,#VALUE!,,#VALUE!
981,"ballplayer, baseball player",ボールプレイヤー、野球選手,,,#VALUE!,,#VALUE!
982,"groom, bridegroom",新郎、花g,,,#VALUE!,,#VALUE!
983,scuba diver,スキューバダイバー,,,#VALUE!,,#VALUE!
984,rapeseed,菜種,,,#VALUE!,,#VALUE!
985,daisy,デイジー,,,#VALUE!,,#VALUE!
986,"yellow lady\'s slipper, yellow lady-slipper, Cypripedium calceolus, Cypripedium parviflorum",イエローレディのスリッパ、イエローレディスリッパー、カルセオラス、キプロシウムparviflorum,,,#VALUE!,,#VALUE!
987,corn,コーン,,,#VALUE!,vegitable,野菜
988,acorn,ドングリ,,,#VALUE!,,#VALUE!
989,"hip, rose hip, rosehip",ヒップ、バラの腰、バラのヒップ,,,#VALUE!,,#VALUE!
990,"buckeye, horse chestnut, conker",バックアイ、馬の栗、コンカー,,,#VALUE!,,#VALUE!
991,coral fungus,サンゴ菌,,,#VALUE!,,#VALUE!
992,agaric,アガリック,,,#VALUE!,,#VALUE!
993,gyromitra,ジャイロミトラ,,,#VALUE!,,#VALUE!
994,"stinkhorn, carrion fungus",スティンクホーン、腐肉菌,,,#VALUE!,,#VALUE!
995,earthstar,アーススター,,,#VALUE!,,#VALUE!
996,"hen-of-the-woods, hen of the woods, Polyporus frondosus, Grifola frondosa",鶏の雌鶏、森の鶏、ポリポラス・フロンドソス、グリフォラ・フロンドサ,,,#VALUE!,,#VALUE!
997,bolete,ボレテ,,,#VALUE!,,#VALUE!
998,"ear, spike, capitulum",耳、スパイク、カピトゥラム,,,#VALUE!,,#VALUE!
999,"toilet tissue, toilet paper, bathroom tissue",トイレティッシュ、トイレットペーパー、バスルームティッシュ,,,#VALUE!,,#VALUE!